Q9H7Z3	Homo sapiens	Metazoa	1164	False
Q06213	Saccharomyces cerevisiae (strain ATCC 204508 / S288c)	Fungi	157	False
Q8N726	Homo sapiens	Metazoa	132	False
Q147X3	Homo sapiens	Metazoa	362	False
P40473	Saccharomyces cerevisiae (strain ATCC 204508 / S288c)	Fungi	351	False
Q6AYD3	Rattus norvegicus	Metazoa	394	False
Q80W99	Mus musculus	Metazoa	395	True
Q62318	Mus musculus	Metazoa	834	False
Q8N4T4	Homo sapiens	Metazoa	335	False
Q10712	Solanum lycopersicum	Viridiplantae	571	False
Q96K80	Homo sapiens	Metazoa	434	False
Q6Y5D8	Mus musculus	Metazoa	786	False
Q39238	Arabidopsis thaliana	Viridiplantae	688	False
P40492	Saccharomyces cerevisiae (strain ATCC 204508 / S288c)	Fungi	516	False
Q8GS60	Arabidopsis thaliana	Viridiplantae	462	False
P25655	Saccharomyces cerevisiae (strain ATCC 204508 / S288c)	Fungi	2108	False
P40208	Saccharomyces cerevisiae (strain ATCC 204508 / S288c)	Fungi	455	False
Q9M394	Arabidopsis thaliana	Viridiplantae	471	False
Q6UXY1	Homo sapiens	Metazoa	529	False
P33339	Saccharomyces cerevisiae (strain ATCC 204508 / S288c)	Fungi	1025	False
Q10362	Schizosaccharomyces pombe (strain 972 / ATCC 24843)	Fungi	859	False
B9DGI8	Arabidopsis thaliana	Viridiplantae	314	False
Q9BXV9	Homo sapiens	Metazoa	100	False
Q10308	Schizosaccharomyces pombe (strain 972 / ATCC 24843)	Fungi	269	False
A2T1U1	Brassica oleracea var. botrytis	Viridiplantae	305	False
Q10573	Caenorhabditis elegans	Metazoa	1139	False
P82611	Candida albicans (strain SC5314 / ATCC MYA-2876)	Fungi	777	False
P17558	Saccharomyces cerevisiae (strain ATCC 204508 / S288c)	Fungi	318	False
Q1MTR4	Schizosaccharomyces pombe (strain 972 / ATCC 24843)	Fungi	424	False
P24345	Zea mays	Viridiplantae	359	False
Q9XH37	Oryza sativa subsp. indica	Viridiplantae	277	False
Q0VD86	Homo sapiens	Metazoa	236	False
Q9SHJ5	Arabidopsis thaliana	Viridiplantae	585	False
Q949P2	Arabidopsis thaliana	Viridiplantae	701	False
P29965	Homo sapiens	Metazoa	261	True
P12852	Chlamydomonas reinhardtii	Viridiplantae	199	False
Q6TA49	Sus scrofa	Metazoa	289	True
Q9ZW85	Arabidopsis thaliana	Viridiplantae	251	False
F7VJQ1	Homo sapiens	Metazoa	73	True
Q3TQ03	Mus musculus	Metazoa	375	False
Q7YR75	Bos taurus	Metazoa	198	False
P36543	Homo sapiens	Metazoa	226	False
P03896	Drosophila melanogaster	Metazoa	341	True
P53983	Saccharomyces cerevisiae (strain ATCC 204508 / S288c)	Fungi	676	True
Q9C7I5	Arabidopsis thaliana	Viridiplantae	189	False
Q8H1F7	Arabidopsis thaliana	Viridiplantae	332	False
O74517	Schizosaccharomyces pombe (strain 972 / ATCC 24843)	Fungi	278	False
P17214	Saccharomyces cerevisiae (strain ATCC 204508 / S288c)	Fungi	699	False
G3XKQ9	Oryza sativa subsp. japonica	Viridiplantae	394	False
Q96GM8	Homo sapiens	Metazoa	510	False
Q682U6	Arabidopsis thaliana	Viridiplantae	316	False
Q9UH99	Homo sapiens	Metazoa	717	False
O55035	Rattus norvegicus	Metazoa	752	False
Q03433	Saccharomyces cerevisiae (strain ATCC 204508 / S288c)	Fungi	280	False
P28005	Saccharomyces cerevisiae (strain ATCC 204508 / S288c)	Fungi	173	False
Q8K0U3	Mus musculus	Metazoa	198	True
Q09779	Schizosaccharomyces pombe (strain 972 / ATCC 24843)	Fungi	1628	False
P93303	Arabidopsis thaliana	Viridiplantae	158	True
Q9SQR3	Arabidopsis thaliana	Viridiplantae	267	False
Q08182	Saccharomyces cerevisiae (strain ATCC 204508 / S288c)	Fungi	245	False
P22009	Candida tropicalis	Fungi	127	False
Q9VN45	Drosophila melanogaster	Metazoa	553	False
P36037	Saccharomyces cerevisiae (strain ATCC 204508 / S288c)	Fungi	715	False
P54622	Drosophila melanogaster	Metazoa	146	False
Q43715	Pisum sativum	Viridiplantae	809	False
Q8MMZ7	Toxoplasma gondii	Other	994	False
Q9Y7K9	Schizosaccharomyces pombe (strain 972 / ATCC 24843)	Fungi	246	False
Q07395	Saccharomyces cerevisiae (strain ATCC 204508 / S288c)	Fungi	620	False
C4LY96	Entamoeba histolytica (strain ATCC 30459 / HM-1:IMSS / ABRM)	Other	1151	False
Q9H211	Homo sapiens	Metazoa	546	False
Q9D495	Mus musculus	Metazoa	329	False
Q5SV85	Mus musculus	Metazoa	1306	False
Q94ID2	Arabidopsis thaliana	Viridiplantae	330	False
Q6ZWQ0	Mus musculus	Metazoa	6874	False
B3DH96	Danio rerio	Metazoa	325	True
P07249	Saccharomyces cerevisiae (strain ATCC 204508 / S288c)	Fungi	177	False
Q10414	Schizosaccharomyces pombe (strain 972 / ATCC 24843)	Fungi	561	False
Q9Z266	Mus musculus	Metazoa	136	False
O20030	Chlamydomonas reinhardtii	Viridiplantae	197	True
Q15287	Homo sapiens	Metazoa	305	False
Q8K440	Mus musculus	Metazoa	1620	True
Q9ZVJ3	Arabidopsis thaliana	Viridiplantae	550	False
Q9CAC5	Arabidopsis thaliana	Viridiplantae	191	True
Q6TAS3	Solanum lycopersicum	Viridiplantae	902	False
O14230	Schizosaccharomyces pombe (strain 972 / ATCC 24843)	Fungi	347	False
Q7ZW57	Xenopus laevis	Metazoa	334	False
A0JN39	Bos taurus	Metazoa	953	False
O65312	Arabidopsis thaliana	Viridiplantae	689	False
Q0ZLH2	Mus musculus	Metazoa	352	False
O95800	Homo sapiens	Metazoa	540	True
Q920D2	Rattus norvegicus	Metazoa	187	False
Q8NFU0	Homo sapiens	Metazoa	473	True
P34087	Saccharomyces cerevisiae (strain ATCC 204508 / S288c)	Fungi	171	False
A2YMU2	Oryza sativa subsp. indica	Viridiplantae	266	False
Q03825	Saccharomyces cerevisiae (strain ATCC 204508 / S288c)	Fungi	758	False
P0DKJ7	Arabidopsis thaliana	Viridiplantae	813	False
O60306	Homo sapiens	Metazoa	1485	False
Q94131	Caenorhabditis elegans	Metazoa	335	False
Q5T197	Homo sapiens	Metazoa	706	True
P51577	Rattus norvegicus	Metazoa	388	True
Q08926	Saccharomyces cerevisiae (strain ATCC 204508 / S288c)	Fungi	304	False
Q9NS23	Homo sapiens	Metazoa	344	False
Q80SY4	Mus musculus	Metazoa	1006	False
Q9M9L6	Arabidopsis thaliana	Viridiplantae	211	False
Q9BQA5	Homo sapiens	Metazoa	517	False
Q6UL01	Mus musculus	Metazoa	79	False
Q9U7C9	Dictyostelium discoideum	Other	756	False
Q03281	Saccharomyces cerevisiae (strain ATCC 204508 / S288c)	Fungi	663	False
C8V329	Emericella nidulans (strain FGSC A4 / ATCC 38163 / CBS 112.46 / NRRL 194 / M139)	Fungi	508	True
Q14739	Homo sapiens	Metazoa	615	False
P25038	Saccharomyces cerevisiae (strain ATCC 204508 / S288c)	Fungi	676	False
E7F568	Danio rerio	Metazoa	1343	False
Q9ASS2	Arabidopsis thaliana	Viridiplantae	601	False
Q9SYK4	Arabidopsis thaliana	Viridiplantae	1136	False
Q8NBF2	Homo sapiens	Metazoa	726	False
Q8IVS8	Homo sapiens	Metazoa	523	False
Q9SQI2	Arabidopsis thaliana	Viridiplantae	1173	False
Q8IU81	Homo sapiens	Metazoa	584	False
Q13029	Homo sapiens	Metazoa	1718	False
Q9VR19	Drosophila melanogaster	Metazoa	379	False
A0A0G2K047	Rattus norvegicus	Metazoa	683	False
Q7K4V4	Drosophila melanogaster	Metazoa	244	False
P56778	Arabidopsis thaliana	Viridiplantae	473	True
P10174	Saccharomyces cerevisiae (strain ATCC 204508 / S288c)	Fungi	60	True
Q12754	Saccharomyces cerevisiae (strain ATCC 204508 / S288c)	Fungi	1228	False
Q8K4H1	Mus musculus	Metazoa	305	False
P46938	Mus musculus	Metazoa	488	False
P53063	Saccharomyces cerevisiae (strain ATCC 204508 / S288c)	Fungi	387	False
P40237	Mus musculus	Metazoa	266	True
P48039	Homo sapiens	Metazoa	350	True
Q9VSB9	Drosophila melanogaster	Metazoa	376	True
Q9D5U8	Mus musculus	Metazoa	673	False
P38873	Saccharomyces cerevisiae (strain ATCC 204508 / S288c)	Fungi	1557	False
P34077	Saccharomyces cerevisiae (strain ATCC 204508 / S288c)	Fungi	839	False
Q38796	Arabidopsis thaliana	Viridiplantae	953	False
O43013	Schizosaccharomyces pombe (strain 972 / ATCC 24843)	Fungi	533	False
Q9UTI3	Schizosaccharomyces pombe (strain 972 / ATCC 24843)	Fungi	177	False
Q9UT46	Schizosaccharomyces pombe (strain 972 / ATCC 24843)	Fungi	508	False
P25632	Saccharomyces cerevisiae (strain ATCC 204508 / S288c)	Fungi	483	False
Q22717	Caenorhabditis elegans	Metazoa	170	False
Q9VEN1	Drosophila melanogaster	Metazoa	2210	False
P25576	Saccharomyces cerevisiae (strain ATCC 204508 / S288c)	Fungi	258	False
P28040	Schizosaccharomyces pombe (strain 972 / ATCC 24843)	Fungi	1405	False
Q8WQX5	Trypanosoma brucei brucei	Other	976	False
Q9VWF2	Drosophila melanogaster	Metazoa	2006	False
P38996	Saccharomyces cerevisiae (strain ATCC 204508 / S288c)	Fungi	802	False
P33448	Saccharomyces cerevisiae (strain ATCC 204508 / S288c)	Fungi	61	True
Q9SKT0	Arabidopsis thaliana	Viridiplantae	300	False
Q6PCT2	Homo sapiens	Metazoa	694	False
Q57UZ7	Trypanosoma brucei brucei (strain 927/4 GUTat10.1)	Other	550	False
Q20977	Caenorhabditis elegans	Metazoa	567	False
Q587E3	Trypanosoma brucei brucei (strain 927/4 GUTat10.1)	Other	735	False
Q8N7J2	Homo sapiens	Metazoa	671	False
P25637	Saccharomyces cerevisiae (strain ATCC 204508 / S288c)	Fungi	258	False
Q9USQ1	Schizosaccharomyces pombe (strain 972 / ATCC 24843)	Fungi	960	False
Q8IZF0	Homo sapiens	Metazoa	1738	True
Q9FI46	Arabidopsis thaliana	Viridiplantae	269	True
Q8R2Y0	Mus musculus	Metazoa	336	True
Q96NR3	Homo sapiens	Metazoa	888	True
P43897	Homo sapiens	Metazoa	325	False
Q5HZI1	Mus musculus	Metazoa	1210	False
P38283	Saccharomyces cerevisiae (strain ATCC 204508 / S288c)	Fungi	698	False
Q7TSS2	Mus musculus	Metazoa	422	False
B9FDE0	Oryza sativa subsp. japonica	Viridiplantae	494	False
Q9S816	Arabidopsis thaliana	Viridiplantae	521	False
P40085	Saccharomyces cerevisiae (strain ATCC 204508 / S288c)	Fungi	556	True
Q3KRA9	Homo sapiens	Metazoa	238	False
P25642	Saccharomyces cerevisiae (strain ATCC 204508 / S288c)	Fungi	146	False
Q8N5P1	Homo sapiens	Metazoa	291	False
Q8IMZ9	Drosophila melanogaster	Metazoa	853	False
Q5M775	Homo sapiens	Metazoa	1068	False
P15325	Emericella nidulans (strain FGSC A4 / ATCC 38163 / CBS 112.46 / NRRL 194 / M139)	Fungi	533	True
O14880	Homo sapiens	Metazoa	152	True
P40466	Saccharomyces cerevisiae (strain ATCC 204508 / S288c)	Fungi	484	False
Q03214	Saccharomyces cerevisiae (strain ATCC 204508 / S288c)	Fungi	1411	False
Q04231	Saccharomyces cerevisiae (strain ATCC 204508 / S288c)	Fungi	177	False
P49704	Saccharomyces cerevisiae (strain ATCC 204508 / S288c)	Fungi	494	False
G5EDM7	Caenorhabditis elegans	Metazoa	627	False
Q9AUE0	Arabidopsis thaliana	Viridiplantae	1950	False
Q7XK25	Oryza sativa subsp. japonica	Viridiplantae	475	False
Q7KWJ5	Plasmodium falciparum (isolate 3D7)	Other	504	True
Q84N48	Zea mays	Viridiplantae	611	False
Q04089	Saccharomyces cerevisiae (strain ATCC 204508 / S288c)	Fungi	582	False
Q9SIE1	Arabidopsis thaliana	Viridiplantae	475	False
Q8K1Z0	Mus musculus	Metazoa	313	False
Q9BVN2	Homo sapiens	Metazoa	902	False
O94473	Schizosaccharomyces pombe (strain 972 / ATCC 24843)	Fungi	256	True
P33075	Schizosaccharomyces pombe (strain 972 / ATCC 24843)	Fungi	220	False
P40159	Saccharomyces cerevisiae (strain ATCC 204508 / S288c)	Fungi	199	False
Q5XF06	Arabidopsis thaliana	Viridiplantae	469	False
Q9SZH4	Arabidopsis thaliana	Viridiplantae	495	False
Q42606	Arabidopsis thaliana	Viridiplantae	369	False
F4IDJ0	Arabidopsis thaliana	Viridiplantae	830	False
Q96T21	Homo sapiens	Metazoa	854	False
Q940H2	Arabidopsis thaliana	Viridiplantae	237	False
Q9XUB3	Caenorhabditis elegans	Metazoa	781	False
O95847	Homo sapiens	Metazoa	323	True
Q9NQS5	Homo sapiens	Metazoa	396	True
C7AJA4	Trypanosoma brucei brucei	Other	406	False
Q2TAK8	Homo sapiens	Metazoa	710	False
Q6ZWK4	Homo sapiens	Metazoa	172	True
Q3E747	Saccharomyces cerevisiae (strain ATCC 204508 / S288c)	Fungi	85	False
Q9NWQ9	Homo sapiens	Metazoa	140	False
Q9LES2	Arabidopsis thaliana	Viridiplantae	478	False
P06180	Xenopus laevis	Metazoa	590	False
Q86WA8	Homo sapiens	Metazoa	852	False
Q9NVD7	Homo sapiens	Metazoa	372	False
Q29RF7	Homo sapiens	Metazoa	1337	False
Q9Y7M6	Schizosaccharomyces pombe (strain 972 / ATCC 24843)	Fungi	217	False
Q9D995	Mus musculus	Metazoa	334	False
Q9VAS7	Drosophila melanogaster	Metazoa	395	True
Q9Y275	Homo sapiens	Metazoa	285	True
P53241	Saccharomyces cerevisiae (strain ATCC 204508 / S288c)	Fungi	593	False
P19518	Oryctolagus cuniculus	Metazoa	222	True
Q8C8Y5	Mus musculus	Metazoa	445	False
Q20733	Caenorhabditis elegans	Metazoa	900	False
Q3ZCQ8	Homo sapiens	Metazoa	353	True
Q8SSG3	Encephalitozoon cuniculi (strain GB-M1)	Fungi	128	False
P21771	Saccharomyces cerevisiae (strain ATCC 204508 / S288c)	Fungi	286	False
Q9S850	Arabidopsis thaliana	Viridiplantae	393	False
Q9GZL7	Homo sapiens	Metazoa	423	False
P40344	Saccharomyces cerevisiae (strain ATCC 204508 / S288c)	Fungi	310	False
P10803	Secale cereale	Viridiplantae	353	True
P80269	Solanum tuberosum	Viridiplantae	229	False
Q93015	Homo sapiens	Metazoa	286	False
A2AAJ9	Mus musculus	Metazoa	8886	False
P39961	Saccharomyces cerevisiae (strain ATCC 204508 / S288c)	Fungi	794	False
O04479	Arabidopsis thaliana	Viridiplantae	199	False
Q9H1E3	Homo sapiens	Metazoa	243	False
Q9BLG3	Dictyostelium discoideum	Other	431	True
Q9UI30	Homo sapiens	Metazoa	125	False
Q9SB47	Arabidopsis thaliana	Viridiplantae	319	False
Q9VBW9	Drosophila melanogaster	Metazoa	419	False
Q9NVR2	Homo sapiens	Metazoa	710	False
Q6PAC3	Mus musculus	Metazoa	445	False
O49290	Arabidopsis thaliana	Viridiplantae	339	False
Q06214	Saccharomyces cerevisiae (strain ATCC 204508 / S288c)	Fungi	492	False
P52960	Saccharomyces cerevisiae (strain ATCC 204508 / S288c)	Fungi	996	False
Q93WX6	Arabidopsis thaliana	Viridiplantae	463	False
O59740	Schizosaccharomyces pombe (strain 972 / ATCC 24843)	Fungi	522	False
Q9WTZ9	Mus musculus	Metazoa	124	False
Q03661	Saccharomyces cerevisiae (strain ATCC 204508 / S288c)	Fungi	1658	False
Q7RXV8	Neurospora crassa (strain ATCC 24698 / 74-OR23-1A / CBS 708.71 / DSM 1257 / FGSC 987)	Fungi	449	False
Q68FY1	Rattus norvegicus	Metazoa	325	False
Q6UVM4	Rattus norvegicus	Metazoa	1142	True
Q06505	Saccharomyces cerevisiae (strain ATCC 204508 / S288c)	Fungi	410	False
P49842	Homo sapiens	Metazoa	254	False
P39707	Saccharomyces cerevisiae (strain ATCC 204508 / S288c)	Fungi	275	False
O74844	Schizosaccharomyces pombe (strain 972 / ATCC 24843)	Fungi	244	False
Q14154	Homo sapiens	Metazoa	515	False
O54931	Mus musculus	Metazoa	1089	False
P38891	Saccharomyces cerevisiae (strain ATCC 204508 / S288c)	Fungi	393	False
Q8W4E7	Arabidopsis thaliana	Viridiplantae	598	False
Q8CC21	Mus musculus	Metazoa	365	False
Q8S9K3	Arabidopsis thaliana	Viridiplantae	758	False
Q94AT3	Arabidopsis thaliana	Viridiplantae	378	False
O04616	Arabidopsis thaliana	Viridiplantae	164	False
Q5W7F1	Danio rerio	Metazoa	743	True
Q8BMB0	Mus musculus	Metazoa	1264	False
P78714	Neurospora crassa (strain ATCC 24698 / 74-OR23-1A / CBS 708.71 / DSM 1257 / FGSC 987)	Fungi	530	False
P97346	Mus musculus	Metazoa	435	False
Q92934	Homo sapiens	Metazoa	168	False
P32372	Schizosaccharomyces pombe (strain 972 / ATCC 24843)	Fungi	648	False
P61459	Rattus norvegicus	Metazoa	104	False
Q9JI13	Mus musculus	Metazoa	469	False
Q5T4T1	Homo sapiens	Metazoa	132	True
O88441	Mus musculus	Metazoa	263	False
P82412	Spinacia oleracea	Viridiplantae	179	False
O00154	Homo sapiens	Metazoa	380	False
Q9JLI6	Mus musculus	Metazoa	432	False
O13046	Xenopus laevis	Metazoa	1127	False
Q9C0N3	Neurospora crassa (strain ATCC 24698 / 74-OR23-1A / CBS 708.71 / DSM 1257 / FGSC 987)	Fungi	90	False
O75179	Homo sapiens	Metazoa	2603	False
Q93Y52	Chlamydomonas reinhardtii	Viridiplantae	280	False
P42698	Arabidopsis thaliana	Viridiplantae	387	False
P16989	Homo sapiens	Metazoa	372	False
Q8IE47	Plasmodium falciparum (isolate 3D7)	Other	273	False
P82244	Spinacia oleracea	Viridiplantae	152	False
Q91XU0	Mus musculus	Metazoa	660	False
Q9FJW6	Arabidopsis thaliana	Viridiplantae	798	False
F4ITM1	Arabidopsis thaliana	Viridiplantae	398	False
P31949	Homo sapiens	Metazoa	105	False
P09144	Chlamydomonas reinhardtii	Viridiplantae	735	True
Q10360	Schizosaccharomyces pombe (strain 972 / ATCC 24843)	Fungi	97	False
Q6NQK2	Arabidopsis thaliana	Viridiplantae	449	False
Q9ER99	Mus musculus	Metazoa	582	False
Q8CCE9	Mus musculus	Metazoa	783	False
Q05050	Saccharomyces cerevisiae (strain ATCC 204508 / S288c)	Fungi	843	False
O00910	Dictyostelium discoideum	Other	707	False
Q969H6	Homo sapiens	Metazoa	163	False
B3EWF7	Homo sapiens	Metazoa	344	False
P63007	Rattus norvegicus	Metazoa	406	False
O14015	Schizosaccharomyces pombe (strain 972 / ATCC 24843)	Fungi	150	False
Q9CPY0	Mus musculus	Metazoa	246	False
P09596	Spinacia oleracea	Viridiplantae	121	False
P15291	Homo sapiens	Metazoa	398	True
Q8GT66	Pisum sativum	Viridiplantae	436	False
P14066	Saccharomyces cerevisiae (strain ATCC 204508 / S288c)	Fungi	229	False
Q9CQJ4	Mus musculus	Metazoa	336	False
Q7TS55	Mus musculus	Metazoa	173	True
P70120	Mus musculus	Metazoa	167	False
Q5M731	Arabidopsis thaliana	Viridiplantae	522	False
Q19404	Caenorhabditis elegans	Metazoa	442	False
P98149	Drosophila melanogaster	Metazoa	667	False
Q39002	Arabidopsis thaliana	Viridiplantae	624	False
O95926	Homo sapiens	Metazoa	243	False
Q9NX47	Homo sapiens	Metazoa	278	False
Q6C7L6	Yarrowia lipolytica (strain CLIB 122 / E 150)	Fungi	237	False
P46972	Saccharomyces cerevisiae (strain ATCC 204508 / S288c)	Fungi	177	False
O82239	Arabidopsis thaliana	Viridiplantae	358	False
A0A140LI88	Mus musculus	Metazoa	1857	False
Q9NPD3	Homo sapiens	Metazoa	245	False
P17890	Saccharomyces cerevisiae (strain ATCC 204508 / S288c)	Fungi	251	False
Q921E6	Mus musculus	Metazoa	441	False
Q03153	Saccharomyces cerevisiae (strain ATCC 204508 / S288c)	Fungi	612	False
G5EC23	Caenorhabditis elegans	Metazoa	782	False
P06841	Scyliorhinus canicula	Metazoa	45	False
Q9SAR5	Arabidopsis thaliana	Viridiplantae	342	False
Q07684	Saccharomyces cerevisiae (strain ATCC 204508 / S288c)	Fungi	458	False
Q96PZ0	Homo sapiens	Metazoa	661	False
O94248	Schizosaccharomyces pombe (strain 972 / ATCC 24843)	Fungi	4717	False
P14137	Rattus norvegicus	Metazoa	526	False
Q08931	Saccharomyces cerevisiae (strain ATCC 204508 / S288c)	Fungi	133	False
G5DBJ0	Nicotiana benthamiana	Viridiplantae	252	False
Q05CL8	Mus musculus	Metazoa	570	False
Q9BYI3	Homo sapiens	Metazoa	521	False
Q9XIN0	Arabidopsis thaliana	Viridiplantae	650	False
Q9UBH6	Homo sapiens	Metazoa	696	False
Q9NPJ6	Homo sapiens	Metazoa	270	False
Q8L7N4	Arabidopsis thaliana	Viridiplantae	343	True
Q9UMY1	Homo sapiens	Metazoa	257	False
P13264	Rattus norvegicus	Metazoa	674	False
P39013	Saccharomyces cerevisiae (strain ATCC 204508 / S288c)	Fungi	349	False
Q8NEZ2	Homo sapiens	Metazoa	397	False
O15091	Homo sapiens	Metazoa	583	False
Q08921	Saccharomyces cerevisiae (strain ATCC 204508 / S288c)	Fungi	799	False
Q7S1R6	Neurospora crassa (strain ATCC 24698 / 74-OR23-1A / CBS 708.71 / DSM 1257 / FGSC 987)	Fungi	267	False
P0CJ62	Xenopus laevis	Metazoa	239	False
Q04751	Saccharomyces cerevisiae (strain ATCC 204508 / S288c)	Fungi	285	False
P97852	Rattus norvegicus	Metazoa	735	False
Q9S9N6	Arabidopsis thaliana	Viridiplantae	461	False
Q8LEA8	Arabidopsis thaliana	Viridiplantae	336	False
O60287	Homo sapiens	Metazoa	2271	False
P15382	Homo sapiens	Metazoa	129	True
O17850	Caenorhabditis elegans	Metazoa	317	False
Q8H0U4	Arabidopsis thaliana	Viridiplantae	891	False
Q9USY4	Schizosaccharomyces pombe (strain 972 / ATCC 24843)	Fungi	527	False
Q8VDY4	Mus musculus	Metazoa	628	False
O13326	Schizosaccharomyces pombe (strain 972 / ATCC 24843)	Fungi	429	False
Q01329	Saccharomyces cerevisiae (strain ATCC 204508 / S288c)	Fungi	785	False
P07390	Saccharomyces cerevisiae (strain ATCC 204508 / S288c)	Fungi	489	False
Q6ZQL4	Mus musculus	Metazoa	677	False
G5EEQ5	Caenorhabditis elegans	Metazoa	367	False
P11978	Saccharomyces cerevisiae (strain ATCC 204508 / S288c)	Fungi	1358	False
Q9NVH2	Homo sapiens	Metazoa	962	False
O74387	Schizosaccharomyces pombe (strain 972 / ATCC 24843)	Fungi	287	False
O65282	Arabidopsis thaliana	Viridiplantae	253	False
Q02486	Saccharomyces cerevisiae (strain ATCC 204508 / S288c)	Fungi	183	False
Q8LDU4	Arabidopsis thaliana	Viridiplantae	319	False
Q9Z2D6	Mus musculus	Metazoa	484	False
P40546	Saccharomyces cerevisiae (strain ATCC 204508 / S288c)	Fungi	346	False
P23276	Homo sapiens	Metazoa	732	True
Q4PIR3	Schizosaccharomyces pombe (strain 972 / ATCC 24843)	Fungi	250	False
Q94A41	Arabidopsis thaliana	Viridiplantae	887	False
Q8I615	Plasmodium falciparum (isolate 3D7)	Other	1189	False
Q9LXF3	Arabidopsis thaliana	Viridiplantae	187	True
A6NGQ2	Homo sapiens	Metazoa	149	False
P20290	Homo sapiens	Metazoa	206	False
Q03372	Drosophila melanogaster	Metazoa	515	False
Q10332	Schizosaccharomyces pombe (strain 972 / ATCC 24843)	Fungi	830	False
Q09967	Caenorhabditis elegans	Metazoa	551	True
Q9LSA9	Arabidopsis thaliana	Viridiplantae	339	False
Q9BX63	Homo sapiens	Metazoa	1249	False
Q9H444	Homo sapiens	Metazoa	224	False
P26321	Saccharomyces cerevisiae (strain ATCC 204508 / S288c)	Fungi	297	False
O17514	Caenorhabditis elegans	Metazoa	773	False
P38828	Saccharomyces cerevisiae (strain ATCC 204508 / S288c)	Fungi	187	False
P30542	Homo sapiens	Metazoa	326	True
Q01453	Homo sapiens	Metazoa	160	True
Q01080	Saccharomyces cerevisiae (strain ATCC 204508 / S288c)	Fungi	415	False
Q8CJF7	Mus musculus	Metazoa	2243	False
Q0E671	Danio rerio	Metazoa	430	False
P54657	Dictyostelium discoideum	Other	213	False
P04080	Homo sapiens	Metazoa	98	False
O13834	Schizosaccharomyces pombe (strain 972 / ATCC 24843)	Fungi	3227	False
Q99M04	Mus musculus	Metazoa	373	False
P53895	Saccharomyces cerevisiae (strain ATCC 204508 / S288c)	Fungi	289	False
Q8IWL8	Homo sapiens	Metazoa	128	False
Q6S5G3	Arabidopsis thaliana	Viridiplantae	793	False
P51810	Homo sapiens	Metazoa	404	True
Q9LVH4	Arabidopsis thaliana	Viridiplantae	177	False
P82413	Spinacia oleracea	Viridiplantae	233	False
Q84TI7	Arabidopsis thaliana	Viridiplantae	506	True
Q9CQF3	Mus musculus	Metazoa	227	False
Q3U827	Mus musculus	Metazoa	592	False
P08525	Saccharomyces cerevisiae (strain ATCC 204508 / S288c)	Fungi	94	True
P39683	Saccharomyces cerevisiae (strain ATCC 204508 / S288c)	Fungi	429	False
P12956	Homo sapiens	Metazoa	609	False
O13801	Schizosaccharomyces pombe (strain 972 / ATCC 24843)	Fungi	604	False
Q91WW3	Mus musculus	Metazoa	302	True
P09132	Homo sapiens	Metazoa	144	False
Q80ZI1	Mus musculus	Metazoa	223	False
Q9TYT3	Caenorhabditis elegans	Metazoa	316	False
P32790	Saccharomyces cerevisiae (strain ATCC 204508 / S288c)	Fungi	1244	False
Q2MHE4	Arabidopsis thaliana	Viridiplantae	390	False
Q96QP1	Homo sapiens	Metazoa	1244	False
O94888	Homo sapiens	Metazoa	489	False
Q96JZ2	Homo sapiens	Metazoa	352	False
Q8N5A5	Homo sapiens	Metazoa	531	False
Q9JJ28	Mus musculus	Metazoa	1271	False
Q9NUL7	Homo sapiens	Metazoa	540	False
Q9FJW4	Arabidopsis thaliana	Viridiplantae	154	False
P23503	Saccharomyces cerevisiae (strain ATCC 204508 / S288c)	Fungi	491	False
Q4G0N4	Homo sapiens	Metazoa	442	False
Q9FGN8	Arabidopsis thaliana	Viridiplantae	639	False
Q99PU7	Mus musculus	Metazoa	728	False
Q9C811	Arabidopsis thaliana	Viridiplantae	1495	False
Q14669	Homo sapiens	Metazoa	1992	False
F4I3V6	Arabidopsis thaliana	Viridiplantae	192	False
Q12223	Saccharomyces cerevisiae (strain ATCC 204508 / S288c)	Fungi	238	False
P49017	Saccharomyces cerevisiae (strain ATCC 204508 / S288c)	Fungi	307	False
A5A6S6	Oryctolagus cuniculus	Metazoa	295	True
Q810F1	Cavia porcellus	Metazoa	705	True
P09798	Saccharomyces cerevisiae (strain ATCC 204508 / S288c)	Fungi	840	False
Q9LMK5	Arabidopsis thaliana	Viridiplantae	160	False
P40505	Saccharomyces cerevisiae (strain ATCC 204508 / S288c)	Fungi	327	False
P0DOW4	Ramazzottius varieornatus	Metazoa	445	False
Q9M1E7	Arabidopsis thaliana	Viridiplantae	285	True
Q42843	Hordeum vulgare	Viridiplantae	527	False
O04121	Spinacia oleracea	Viridiplantae	439	False
Q68DK7	Homo sapiens	Metazoa	614	False
D3ZK93	Rattus norvegicus	Metazoa	322	True
Q16385	Homo sapiens	Metazoa	188	False
Q12981	Homo sapiens	Metazoa	228	False
Q9UUI3	Schizosaccharomyces pombe (strain 972 / ATCC 24843)	Fungi	601	False
Q8BGY9	Mus musculus	Metazoa	580	True
Q8VY16	Arabidopsis thaliana	Viridiplantae	819	False
Q967U1	Dictyostelium discoideum	Other	225	False
Q8LEG1	Arabidopsis thaliana	Viridiplantae	258	False
Q9UU91	Schizosaccharomyces pombe (strain 972 / ATCC 24843)	Fungi	182	True
Q9JJD0	Mus musculus	Metazoa	305	False
P28803	Spinacia oleracea	Viridiplantae	128	False
Q04613	Arabidopsis thaliana	Viridiplantae	192	True
Q06683	Saccharomyces cerevisiae (strain ATCC 204508 / S288c)	Fungi	689	False
Q5GH67	Mus musculus	Metazoa	647	False
Q7X6P3	Arabidopsis thaliana	Viridiplantae	608	False
Q9H5J8	Homo sapiens	Metazoa	278	False
Q9NR83	Homo sapiens	Metazoa	387	False
P53881	Saccharomyces cerevisiae (strain ATCC 204508 / S288c)	Fungi	309	False
P82195	Spinacia oleracea	Viridiplantae	166	False
Q96E29	Homo sapiens	Metazoa	417	False
O24164	Nicotiana tabacum	Viridiplantae	504	False
Q49MI3	Homo sapiens	Metazoa	558	False
Q12308	Saccharomyces cerevisiae (strain ATCC 204508 / S288c)	Fungi	588	False
Q6PJ21	Homo sapiens	Metazoa	355	False
P83369	Homo sapiens	Metazoa	360	False
Q3UP24	Mus musculus	Metazoa	1024	False
Q05812	Saccharomyces cerevisiae (strain ATCC 204508 / S288c)	Fungi	728	False
P56287	Schizosaccharomyces pombe (strain 972 / ATCC 24843)	Fungi	678	False
A8XJ98	Caenorhabditis briggsae	Metazoa	432	False
Q16514	Homo sapiens	Metazoa	161	False
O35678	Mus musculus	Metazoa	303	False
Q9LW00	Arabidopsis thaliana	Viridiplantae	254	False
Q58DZ9	Rattus norvegicus	Metazoa	258	False
Q92466	Homo sapiens	Metazoa	427	False
P32970	Homo sapiens	Metazoa	193	True
Q9Y6M1	Homo sapiens	Metazoa	599	False
Q7Z4T9	Homo sapiens	Metazoa	767	False
P40053	Saccharomyces cerevisiae (strain ATCC 204508 / S288c)	Fungi	627	False
Q8N5G0	Homo sapiens	Metazoa	67	True
Q9H2K2	Homo sapiens	Metazoa	1166	False
P38705	Saccharomyces cerevisiae (strain ATCC 204508 / S288c)	Fungi	446	False
P36046	Saccharomyces cerevisiae (strain ATCC 204508 / S288c)	Fungi	403	True
Q03370	Saccharomyces cerevisiae (strain ATCC 204508 / S288c)	Fungi	554	False
Q02354	Saccharomyces cerevisiae (strain ATCC 204508 / S288c)	Fungi	440	False
Q99MQ3	Mus musculus	Metazoa	580	False
Q8BGC4	Mus musculus	Metazoa	377	False
Q9GS00	Caenorhabditis elegans	Metazoa	601	False
A2RTF1	Mus musculus	Metazoa	1109	False
Q7TPF1	Rattus norvegicus	Metazoa	97	True
P56602	Bos taurus	Metazoa	477	False
Q8L9X2	Arabidopsis thaliana	Viridiplantae	203	False
Q9H5U6	Homo sapiens	Metazoa	513	False
A2ASQ1	Mus musculus	Metazoa	1950	True
Q9HA38	Homo sapiens	Metazoa	289	False
P48015	Saccharomyces cerevisiae (strain ATCC 204508 / S288c)	Fungi	400	False
Q8VZV9	Arabidopsis thaliana	Viridiplantae	161	False
Q24174	Drosophila melanogaster	Metazoa	904	False
Q9EPB4	Mus musculus	Metazoa	193	False
Q9H8E8	Homo sapiens	Metazoa	782	False
O96626	Dictyostelium discoideum	Other	138	False
Q12972	Homo sapiens	Metazoa	351	False
Q8NF91	Homo sapiens	Metazoa	8797	False
P42771	Homo sapiens	Metazoa	156	False
P28807	Spinacia oleracea	Viridiplantae	88	False
P49815	Homo sapiens	Metazoa	1807	False
Q9HGM8	Schizosaccharomyces pombe (strain 972 / ATCC 24843)	Fungi	695	False
P47084	Saccharomyces cerevisiae (strain ATCC 204508 / S288c)	Fungi	519	False
Q9P790	Schizosaccharomyces pombe (strain 972 / ATCC 24843)	Fungi	316	False
O94329	Schizosaccharomyces pombe (strain 972 / ATCC 24843)	Fungi	183	False
O14188	Schizosaccharomyces pombe (strain 972 / ATCC 24843)	Fungi	1489	False
P29461	Saccharomyces cerevisiae (strain ATCC 204508 / S288c)	Fungi	750	False
Q9BY10	Homo sapiens	Metazoa	475	True
P29344	Spinacia oleracea	Viridiplantae	411	False
P36056	Saccharomyces cerevisiae (strain ATCC 204508 / S288c)	Fungi	628	False
Q04048	Saccharomyces cerevisiae (strain ATCC 204508 / S288c)	Fungi	859	False
Q9LXR9	Arabidopsis thaliana	Viridiplantae	348	False
P38812	Saccharomyces cerevisiae (strain ATCC 204508 / S288c)	Fungi	185	False
Q9SZR3	Arabidopsis thaliana	Viridiplantae	1017	False
Q8CD15	Mus musculus	Metazoa	465	False
Q08050	Homo sapiens	Metazoa	763	False
P32855	Saccharomyces cerevisiae (strain ATCC 204508 / S288c)	Fungi	1065	False
Q8WWL7	Homo sapiens	Metazoa	1395	False
Q9SVQ3	Arabidopsis thaliana	Viridiplantae	517	False
Q969G3	Homo sapiens	Metazoa	411	False
Q9LJ87	Arabidopsis thaliana	Viridiplantae	415	False
Q8S950	Nicotiana tabacum	Viridiplantae	959	False
O14862	Homo sapiens	Metazoa	343	False
P78929	Schizosaccharomyces pombe (strain 972 / ATCC 24843)	Fungi	137	False
Q05515	Saccharomyces cerevisiae (strain ATCC 204508 / S288c)	Fungi	481	False
Q9QX74	Rattus norvegicus	Metazoa	1474	False
P40055	Saccharomyces cerevisiae (strain ATCC 204508 / S288c)	Fungi	554	False
Q9Y2L1	Homo sapiens	Metazoa	958	False
P15313	Homo sapiens	Metazoa	513	False
Q9NSK7	Homo sapiens	Metazoa	141	True
P97868	Mus musculus	Metazoa	1790	False
Q9NVU0	Homo sapiens	Metazoa	708	False
F4IXE7	Arabidopsis thaliana	Viridiplantae	1189	False
O14079	Schizosaccharomyces pombe (strain 972 / ATCC 24843)	Fungi	624	False
P35195	Saccharomyces cerevisiae (strain ATCC 204508 / S288c)	Fungi	104	False
P38250	Saccharomyces cerevisiae (strain ATCC 204508 / S288c)	Fungi	946	False
Q04922	Saccharomyces cerevisiae (strain ATCC 204508 / S288c)	Fungi	465	False
Q8GWP5	Arabidopsis thaliana	Viridiplantae	426	False
Q9P2D8	Homo sapiens	Metazoa	2635	False
P25644	Saccharomyces cerevisiae (strain ATCC 204508 / S288c)	Fungi	796	False
P38801	Saccharomyces cerevisiae (strain ATCC 204508 / S288c)	Fungi	184	False
Q02783	Saccharomyces cerevisiae (strain ATCC 204508 / S288c)	Fungi	413	False
Q9M365	Arabidopsis thaliana	Viridiplantae	359	False
Q94A03	Arabidopsis thaliana	Viridiplantae	391	False
Q9HFE6	Schizosaccharomyces pombe (strain 972 / ATCC 24843)	Fungi	478	False
Q8RWH9	Arabidopsis thaliana	Viridiplantae	513	False
Q7SD06	Neurospora crassa (strain ATCC 24698 / 74-OR23-1A / CBS 708.71 / DSM 1257 / FGSC 987)	Fungi	469	False
Q9FXI5	Arabidopsis thaliana	Viridiplantae	794	False
P47041	Saccharomyces cerevisiae (strain ATCC 204508 / S288c)	Fungi	543	False
O75056	Homo sapiens	Metazoa	442	False
P10156	Tetrahymena thermophila (strain SB210)	Other	164	False
Q7RYW8	Neurospora crassa (strain ATCC 24698 / 74-OR23-1A / CBS 708.71 / DSM 1257 / FGSC 987)	Fungi	258	False
Q9HGL9	Schizosaccharomyces pombe (strain 972 / ATCC 24843)	Fungi	252	False
Q8IBN8	Plasmodium falciparum (isolate 3D7)	Other	899	False
P53188	Saccharomyces cerevisiae (strain ATCC 204508 / S288c)	Fungi	120	False
O74462	Schizosaccharomyces pombe (strain 972 / ATCC 24843)	Fungi	452	False
Q801E2	Xenopus laevis	Metazoa	1116	False
Q03435	Saccharomyces cerevisiae (strain ATCC 204508 / S288c)	Fungi	203	False
P13002	Drosophila melanogaster	Metazoa	1333	False
O95625	Homo sapiens	Metazoa	1053	False
Q04749	Saccharomyces cerevisiae (strain ATCC 204508 / S288c)	Fungi	426	False
Q9SIV2	Arabidopsis thaliana	Viridiplantae	891	False
P26358	Homo sapiens	Metazoa	1616	False
Q20716	Caenorhabditis elegans	Metazoa	267	False
Q9M9U5	Arabidopsis thaliana	Viridiplantae	382	False
Q6P087	Homo sapiens	Metazoa	351	False
Q6T4R5	Homo sapiens	Metazoa	1651	False
G5ECD6	Caenorhabditis elegans	Metazoa	1322	True
P57728	Schizosaccharomyces pombe (strain 972 / ATCC 24843)	Fungi	148	False
Q99JZ7	Mus musculus	Metazoa	461	False
Q9CZG9	Mus musculus	Metazoa	140	False
Q9M5P2	Arabidopsis thaliana	Viridiplantae	289	False
A0A5K7RLP0	Mus musculus	Metazoa	589	False
Q9SYJ8	Arabidopsis thaliana	Viridiplantae	372	False
Q12038	Saccharomyces cerevisiae (strain ATCC 204508 / S288c)	Fungi	1033	False
C0HM83	Homo sapiens	Metazoa	58	False
Q03081	Saccharomyces cerevisiae (strain ATCC 204508 / S288c)	Fungi	177	False
Q9M158	Arabidopsis thaliana	Viridiplantae	466	False
P48837	Saccharomyces cerevisiae (strain ATCC 204508 / S288c)	Fungi	541	False
Q949Q5	Arabidopsis thaliana	Viridiplantae	140	True
Q86W56	Homo sapiens	Metazoa	976	False
Q8IVQ6	Homo sapiens	Metazoa	265	True
Q9LKA0	Arabidopsis thaliana	Viridiplantae	259	False
Q9FNH6	Arabidopsis thaliana	Viridiplantae	231	True
P43557	Saccharomyces cerevisiae (strain ATCC 204508 / S288c)	Fungi	207	False
P06701	Saccharomyces cerevisiae (strain ATCC 204508 / S288c)	Fungi	978	False
Q8C6P8	Mus musculus	Metazoa	421	False
Q9FNP4	Arabidopsis thaliana	Viridiplantae	174	False
P24813	Saccharomyces cerevisiae (strain ATCC 204508 / S288c)	Fungi	409	False
Q8CDY7	Mus musculus	Metazoa	219	False
Q80VQ0	Mus musculus	Metazoa	468	False
Q76NL8	Plasmodium falciparum (isolate 3D7)	Other	1193	False
P53920	Saccharomyces cerevisiae (strain ATCC 204508 / S288c)	Fungi	997	False
Q3T9M1	Mus musculus	Metazoa	494	False
Q8R3L2	Mus musculus	Metazoa	676	False
Q9CAQ2	Arabidopsis thaliana	Viridiplantae	114	False
P30605	Saccharomyces cerevisiae (strain ATCC 204508 / S288c)	Fungi	584	True
P49903	Homo sapiens	Metazoa	392	False
Q12080	Saccharomyces cerevisiae (strain ATCC 204508 / S288c)	Fungi	455	False
Q9D030	Mus musculus	Metazoa	160	False
Q06139	Saccharomyces cerevisiae (strain ATCC 204508 / S288c)	Fungi	101	False
P08638	Saccharomyces cerevisiae (strain ATCC 204508 / S288c)	Fungi	886	False
Q7Z7G2	Homo sapiens	Metazoa	160	False
Q9NYH9	Homo sapiens	Metazoa	597	False
F1MH24	Bos taurus	Metazoa	957	False
O42958	Schizosaccharomyces pombe (strain 972 / ATCC 24843)	Fungi	754	False
Q4KMQ1	Homo sapiens	Metazoa	711	False
O04492	Arabidopsis thaliana	Viridiplantae	419	False
Q9SRX9	Arabidopsis thaliana	Viridiplantae	335	False
Q6P2D8	Homo sapiens	Metazoa	792	False
Q9NAN2	Caenorhabditis elegans	Metazoa	309	False
Q8N2Z9	Homo sapiens	Metazoa	138	False
Q9UT55	Schizosaccharomyces pombe (strain 972 / ATCC 24843)	Fungi	438	False
G5EF48	Caenorhabditis elegans	Metazoa	350	True
P47093	Saccharomyces cerevisiae (strain ATCC 204508 / S288c)	Fungi	109	False
Q8BQP9	Mus musculus	Metazoa	257	False
Q8IZA0	Homo sapiens	Metazoa	1049	True
Q965H3	Caenorhabditis elegans	Metazoa	735	False
P47102	Saccharomyces cerevisiae (strain ATCC 204508 / S288c)	Fungi	1408	False
O94864	Homo sapiens	Metazoa	414	False
Q8W4B2	Arabidopsis thaliana	Viridiplantae	333	False
Q03218	Saccharomyces cerevisiae (strain ATCC 204508 / S288c)	Fungi	510	False
P52927	Mus musculus	Metazoa	108	False
Q8WY91	Homo sapiens	Metazoa	577	False
P38850	Saccharomyces cerevisiae (strain ATCC 204508 / S288c)	Fungi	1070	False
P25502	Saccharomyces cerevisiae (strain ATCC 204508 / S288c)	Fungi	979	False
Q9V6L9	Drosophila melanogaster	Metazoa	255	False
D2K8N5	Nicotiana benthamiana	Viridiplantae	403	False
Q8NBI5	Homo sapiens	Metazoa	491	True
Q6K1E7	Mus musculus	Metazoa	370	False
O74791	Schizosaccharomyces pombe (strain 972 / ATCC 24843)	Fungi	470	False
Q7S300	Neurospora crassa (strain ATCC 24698 / 74-OR23-1A / CBS 708.71 / DSM 1257 / FGSC 987)	Fungi	138	False
F4IHS2	Arabidopsis thaliana	Viridiplantae	3574	False
O14036	Schizosaccharomyces pombe (strain 972 / ATCC 24843)	Fungi	115	False
Q8IWZ4	Homo sapiens	Metazoa	224	False
Q13216	Homo sapiens	Metazoa	396	False
P87000	Neurospora crassa (strain ATCC 24698 / 74-OR23-1A / CBS 708.71 / DSM 1257 / FGSC 987)	Fungi	926	False
Q7Z6K1	Homo sapiens	Metazoa	395	False
Q8IYW5	Homo sapiens	Metazoa	571	False
Q9BQ52	Homo sapiens	Metazoa	826	False
Q96E09	Homo sapiens	Metazoa	287	False
Q945P1	Arabidopsis thaliana	Viridiplantae	317	False
Q8R4N0	Mus musculus	Metazoa	338	False
Q9UKN8	Homo sapiens	Metazoa	822	False
Q9SU08	Arabidopsis thaliana	Viridiplantae	904	False
Q12340	Saccharomyces cerevisiae (strain ATCC 204508 / S288c)	Fungi	786	False
Q230X8	Tetrahymena thermophila (strain SB210)	Other	423	False
Q12204	Saccharomyces cerevisiae (strain ATCC 204508 / S288c)	Fungi	715	False
Q13156	Homo sapiens	Metazoa	261	False
Q8R1N0	Mus musculus	Metazoa	363	False
P53720	Saccharomyces cerevisiae (strain ATCC 204508 / S288c)	Fungi	384	False
Q9UHQ1	Homo sapiens	Metazoa	456	False
Q10290	Schizosaccharomyces pombe (strain 972 / ATCC 24843)	Fungi	303	False
P34447	Caenorhabditis elegans	Metazoa	867	False
Q9P7M1	Schizosaccharomyces pombe (strain 972 / ATCC 24843)	Fungi	491	False
P39988	Saccharomyces cerevisiae (strain ATCC 204508 / S288c)	Fungi	312	False
Q10474	Schizosaccharomyces pombe (strain 972 / ATCC 24843)	Fungi	258	False
P70399	Mus musculus	Metazoa	1969	False
I1RC73	Gibberella zeae (strain ATCC MYA-4620 / CBS 123657 / FGSC 9075 / NRRL 31084 / PH-1)	Fungi	492	False
F4KDN0	Arabidopsis thaliana	Viridiplantae	857	False
P36162	Saccharomyces cerevisiae (strain ATCC 204508 / S288c)	Fungi	133	False
Q689G9	Oryza sativa subsp. japonica	Viridiplantae	518	False
Q9VGL8	Drosophila melanogaster	Metazoa	363	False
P41930	Saccharomyces cerevisiae (strain ATCC 204508 / S288c)	Fungi	458	True
Q9SV55	Arabidopsis thaliana	Viridiplantae	425	False
P80484	Amphidinium carterae	Other	370	False
Q8LBP4	Arabidopsis thaliana	Viridiplantae	462	False
Q5BJX1	Rattus norvegicus	Metazoa	134	False
P82715	Arabidopsis thaliana	Viridiplantae	297	False
Q8L983	Arabidopsis thaliana	Viridiplantae	218	False
P38237	Saccharomyces cerevisiae (strain ATCC 204508 / S288c)	Fungi	781	False
F4JW79	Arabidopsis thaliana	Viridiplantae	1493	False
B1AZ99	Mus musculus	Metazoa	396	False
F4I3P9	Arabidopsis thaliana	Viridiplantae	772	False
Q16635	Homo sapiens	Metazoa	262	False
Q9SEL5	Arabidopsis thaliana	Viridiplantae	222	False
P57743	Saccharomyces cerevisiae (strain ATCC 204508 / S288c)	Fungi	89	False
Q9VTE2	Drosophila melanogaster	Metazoa	962	False
Q86TB3	Homo sapiens	Metazoa	2170	False
Q9NSP4	Homo sapiens	Metazoa	180	False
Q10331	Schizosaccharomyces pombe (strain 972 / ATCC 24843)	Fungi	813	False
O82230	Arabidopsis thaliana	Viridiplantae	182	False
P21228	Emericella nidulans (strain FGSC A4 / ATCC 38163 / CBS 112.46 / NRRL 194 / M139)	Fungi	821	False
Q03615	Caenorhabditis elegans	Metazoa	305	False
P82347	Mus musculus	Metazoa	289	True
O35710	Mus musculus	Metazoa	429	False
P53914	Saccharomyces cerevisiae (strain ATCC 204508 / S288c)	Fungi	1056	False
O74958	Schizosaccharomyces pombe (strain 972 / ATCC 24843)	Fungi	488	False
P17256	Rattus norvegicus	Metazoa	395	False
O15514	Homo sapiens	Metazoa	142	False
O82645	Arabidopsis thaliana	Viridiplantae	488	False
Q93YN0	Arabidopsis thaliana	Viridiplantae	187	False
P11836	Homo sapiens	Metazoa	297	True
Q9FN48	Arabidopsis thaliana	Viridiplantae	387	False
Q9WVS6	Mus musculus	Metazoa	464	False
O00198	Homo sapiens	Metazoa	91	True
Q5JPH6	Homo sapiens	Metazoa	523	False
Q02983	Saccharomyces cerevisiae (strain ATCC 204508 / S288c)	Fungi	363	False
Q10429	Schizosaccharomyces pombe (strain 972 / ATCC 24843)	Fungi	875	False
Q8K480	Mus musculus	Metazoa	584	True
P15308	Xenopus laevis	Metazoa	273	False
P53327	Saccharomyces cerevisiae (strain ATCC 204508 / S288c)	Fungi	1967	False
P40023	Saccharomyces cerevisiae (strain ATCC 204508 / S288c)	Fungi	145	False
Q9Y7R3	Schizosaccharomyces pombe (strain 972 / ATCC 24843)	Fungi	742	False
Q8S8K8	Arabidopsis thaliana	Viridiplantae	152	True
Q9NTI7	Homo sapiens	Metazoa	297	False
Q7TNG8	Mus musculus	Metazoa	484	False
Q8LAC4	Arabidopsis thaliana	Viridiplantae	322	False
Q9BSN7	Homo sapiens	Metazoa	226	True
Q9UTR9	Schizosaccharomyces pombe (strain 972 / ATCC 24843)	Fungi	368	False
Q05949	Saccharomyces cerevisiae (strain ATCC 204508 / S288c)	Fungi	395	False
Q84MB5	Arabidopsis thaliana	Viridiplantae	280	True
Q5RI15	Homo sapiens	Metazoa	118	True
P35194	Saccharomyces cerevisiae (strain ATCC 204508 / S288c)	Fungi	2493	False
Q9NRY6	Homo sapiens	Metazoa	295	False
Q9M9F0	Arabidopsis thaliana	Viridiplantae	311	False
O89019	Mus musculus	Metazoa	1062	False
O74771	Schizosaccharomyces pombe (strain 972 / ATCC 24843)	Fungi	374	False
P10823	Saccharomyces cerevisiae (strain ATCC 204508 / S288c)	Fungi	449	False
Q03533	Saccharomyces cerevisiae (strain ATCC 204508 / S288c)	Fungi	586	False
Q55GF9	Dictyostelium discoideum	Other	1320	False
P40106	Saccharomyces cerevisiae (strain ATCC 204508 / S288c)	Fungi	250	False
Q9C9T2	Arabidopsis thaliana	Viridiplantae	451	False
Q80T79	Mus musculus	Metazoa	3707	True
Q96IL0	Homo sapiens	Metazoa	206	False
O44498	Caenorhabditis elegans	Metazoa	1623	False
Q9H6R4	Homo sapiens	Metazoa	1146	False
P50106	Saccharomyces cerevisiae (strain ATCC 204508 / S288c)	Fungi	137	False
Q96P65	Homo sapiens	Metazoa	431	True
Q8QFR4	Xenopus laevis	Metazoa	211	False
O21619	Ovis aries	Metazoa	261	True
Q09142	Schizosaccharomyces pombe (strain 972 / ATCC 24843)	Fungi	535	False
Q8I8U7	Drosophila melanogaster	Metazoa	3790	False
Q7SA90	Neurospora crassa (strain ATCC 24698 / 74-OR23-1A / CBS 708.71 / DSM 1257 / FGSC 987)	Fungi	453	False
Q12749	Saccharomyces cerevisiae (strain ATCC 204508 / S288c)	Fungi	1114	False
F4IS91	Arabidopsis thaliana	Viridiplantae	1340	False
O22265	Arabidopsis thaliana	Viridiplantae	373	False
Q9QYK3	Rattus norvegicus	Metazoa	287	False
Q9FFY9	Arabidopsis thaliana	Viridiplantae	640	False
C0HLF1	Dictyostelium discoideum	Other	154	False
Q7KMJ6	Drosophila melanogaster	Metazoa	793	False
Q09685	Schizosaccharomyces pombe (strain 972 / ATCC 24843)	Fungi	411	False
Q9Y6D6	Homo sapiens	Metazoa	1849	False
Q14164	Homo sapiens	Metazoa	716	False
Q8IXI2	Homo sapiens	Metazoa	618	False
Q03067	Saccharomyces cerevisiae (strain ATCC 204508 / S288c)	Fungi	99	False
Q02732	Saccharomyces cerevisiae (strain ATCC 204508 / S288c)	Fungi	369	False
Q6F6B5	Arabidopsis thaliana	Viridiplantae	741	False
Q06668	Saccharomyces cerevisiae (strain ATCC 204508 / S288c)	Fungi	471	False
Q9JKT3	Mus musculus	Metazoa	297	True
H2L006	Caenorhabditis elegans	Metazoa	451	True
Q9BS16	Homo sapiens	Metazoa	269	False
D3ZUE1	Rattus norvegicus	Metazoa	857	False
Q9JLR5	Mus musculus	Metazoa	209	False
O94286	Schizosaccharomyces pombe (strain 972 / ATCC 24843)	Fungi	178	False
Q69ZR9	Mus musculus	Metazoa	1610	False
Q64MA3	Oryza sativa subsp. japonica	Viridiplantae	629	False
Q96F07	Homo sapiens	Metazoa	1278	False
Q96AP0	Homo sapiens	Metazoa	458	False
O89050	Mus musculus	Metazoa	735	False
Q3UK10	Mus musculus	Metazoa	175	False
Q9UNS2	Homo sapiens	Metazoa	423	False
P14908	Saccharomyces cerevisiae (strain ATCC 204508 / S288c)	Fungi	341	False
Q3EBQ3	Arabidopsis thaliana	Viridiplantae	807	False
Q12084	Saccharomyces cerevisiae (strain ATCC 204508 / S288c)	Fungi	232	False
Q9JHH9	Mus musculus	Metazoa	205	False
P32480	Saccharomyces cerevisiae (strain ATCC 204508 / S288c)	Fungi	875	False
Q9XVS8	Caenorhabditis elegans	Metazoa	405	False
Q9BZE9	Homo sapiens	Metazoa	553	False
P51970	Homo sapiens	Metazoa	172	False
O74485	Schizosaccharomyces pombe (strain 972 / ATCC 24843)	Fungi	581	False
P91399	Caenorhabditis elegans	Metazoa	926	False
Q93V85	Arabidopsis thaliana	Viridiplantae	417	False
Q9UKJ5	Homo sapiens	Metazoa	165	False
O74317	Schizosaccharomyces pombe (strain 972 / ATCC 24843)	Fungi	113	False
Q12509	Saccharomyces cerevisiae (strain ATCC 204508 / S288c)	Fungi	438	False
Q86MV5	Trypanosoma brucei brucei	Other	487	False
P0DO24	Arabidopsis thaliana	Viridiplantae	649	False
Q9BPY3	Homo sapiens	Metazoa	351	False
P30793	Homo sapiens	Metazoa	250	False
Q9UHA3	Homo sapiens	Metazoa	163	False
O75340	Homo sapiens	Metazoa	191	False
Q18616	Caenorhabditis elegans	Metazoa	537	False
Q06608	Saccharomyces cerevisiae (strain ATCC 204508 / S288c)	Fungi	200	False
Q9U3F4	Caenorhabditis elegans	Metazoa	603	False
Q86WX3	Homo sapiens	Metazoa	136	False
P40460	Saccharomyces cerevisiae (strain ATCC 204508 / S288c)	Fungi	691	False
Q8C1E7	Mus musculus	Metazoa	343	False
P10069	Emericella nidulans (strain FGSC A4 / ATCC 38163 / CBS 112.46 / NRRL 194 / M139)	Fungi	432	False
Q9SW18	Arabidopsis thaliana	Viridiplantae	312	False
Q94FL6	Arabidopsis thaliana	Viridiplantae	436	False
P33895	Saccharomyces cerevisiae (strain ATCC 204508 / S288c)	Fungi	451	False
Q9LVV5	Arabidopsis thaliana	Viridiplantae	223	False
Q9BV90	Homo sapiens	Metazoa	132	False
O75937	Homo sapiens	Metazoa	253	False
B8Y6I0	Zea mays	Viridiplantae	786	False
P36516	Saccharomyces cerevisiae (strain ATCC 204508 / S288c)	Fungi	390	False
Q03760	Saccharomyces cerevisiae (strain ATCC 204508 / S288c)	Fungi	334	False
P0C2X8	Xenopus laevis	Metazoa	363	False
Q84ST4	Oryza sativa subsp. japonica	Viridiplantae	343	False
Q96B67	Homo sapiens	Metazoa	414	False
O88597	Mus musculus	Metazoa	448	False
P38710	Saccharomyces cerevisiae (strain ATCC 204508 / S288c)	Fungi	295	False
Q39055	Arabidopsis thaliana	Viridiplantae	390	False
Q2THW7	Rattus norvegicus	Metazoa	715	True
P22572	Neurospora crassa (strain ATCC 24698 / 74-OR23-1A / CBS 708.71 / DSM 1257 / FGSC 987)	Fungi	453	False
O18412	Drosophila melanogaster	Metazoa	718	False
P53150	Saccharomyces cerevisiae (strain ATCC 204508 / S288c)	Fungi	421	False
Q21227	Caenorhabditis elegans	Metazoa	1188	False
O75762	Homo sapiens	Metazoa	1119	False
Q08245	Saccharomyces cerevisiae (strain ATCC 204508 / S288c)	Fungi	113	False
O22832	Arabidopsis thaliana	Viridiplantae	401	False
Q9SRP6	Arabidopsis thaliana	Viridiplantae	194	False
Q9VKB9	Drosophila melanogaster	Metazoa	1341	False
Q9ER97	Mus musculus	Metazoa	151	False
Q9UQC2	Homo sapiens	Metazoa	676	False
Q9SK50	Arabidopsis thaliana	Viridiplantae	539	False
Q8N7A1	Homo sapiens	Metazoa	406	False
P41546	Saccharomyces cerevisiae (strain ATCC 204508 / S288c)	Fungi	238	False
P07199	Homo sapiens	Metazoa	599	False
Q96KG9	Homo sapiens	Metazoa	808	False
Q6NTE8	Homo sapiens	Metazoa	343	False
Q5XG73	Mus musculus	Metazoa	508	False
P82094	Homo sapiens	Metazoa	1093	False
Q86NP2	Drosophila melanogaster	Metazoa	1251	False
Q9LF98	Arabidopsis thaliana	Viridiplantae	358	False
O74808	Schizosaccharomyces pombe (strain 972 / ATCC 24843)	Fungi	1238	False
P32800	Saccharomyces cerevisiae (strain ATCC 204508 / S288c)	Fungi	271	True
Q6DFW0	Mus musculus	Metazoa	481	False
Q96DI7	Homo sapiens	Metazoa	357	False
Q12178	Saccharomyces cerevisiae (strain ATCC 204508 / S288c)	Fungi	158	False
Q3U2U7	Mus musculus	Metazoa	461	False
P29144	Homo sapiens	Metazoa	1249	False
G5EEC5	Caenorhabditis elegans	Metazoa	414	False
Q7YZH1	Drosophila melanogaster	Metazoa	3241	False
Q6UW78	Homo sapiens	Metazoa	93	True
Q10296	Schizosaccharomyces pombe (strain 972 / ATCC 24843)	Fungi	138	False
Q15464	Homo sapiens	Metazoa	509	False
Q8N4H5	Homo sapiens	Metazoa	51	True
Q9M9Y4	Arabidopsis thaliana	Viridiplantae	421	False
Q17569	Caenorhabditis elegans	Metazoa	389	False
O22788	Arabidopsis thaliana	Viridiplantae	236	False
Q96CH1	Homo sapiens	Metazoa	333	True
P82245	Spinacia oleracea	Viridiplantae	148	False
Q94AL8	Arabidopsis thaliana	Viridiplantae	225	True
Q9Y6X9	Homo sapiens	Metazoa	1032	False
Q9H7L9	Homo sapiens	Metazoa	328	False
Q9UT23	Schizosaccharomyces pombe (strain 972 / ATCC 24843)	Fungi	834	False
Q9UK76	Homo sapiens	Metazoa	154	False
Q9LMJ4	Arabidopsis thaliana	Viridiplantae	599	False
Q9UU96	Schizosaccharomyces pombe (strain 972 / ATCC 24843)	Fungi	736	False
Q969Y2	Homo sapiens	Metazoa	492	False
Q66JW3	Mus musculus	Metazoa	526	False
Q9NSN8	Homo sapiens	Metazoa	517	False
P57080	Mus musculus	Metazoa	1055	False
Q8RWV8	Arabidopsis thaliana	Viridiplantae	442	False
Q8BKA3	Mus musculus	Metazoa	608	False
O14279	Schizosaccharomyces pombe (strain 972 / ATCC 24843)	Fungi	154	False
Q5BPF3	Arabidopsis thaliana	Viridiplantae	262	False
Q08096	Saccharomyces cerevisiae (strain ATCC 204508 / S288c)	Fungi	367	False
P32357	Saccharomyces cerevisiae (strain ATCC 204508 / S288c)	Fungi	355	False
Q8NCN2	Homo sapiens	Metazoa	500	False
O60104	Schizosaccharomyces pombe (strain 972 / ATCC 24843)	Fungi	376	False
P32318	Saccharomyces cerevisiae (strain ATCC 204508 / S288c)	Fungi	326	False
Q9FMZ0	Arabidopsis thaliana	Viridiplantae	337	False
P82194	Spinacia oleracea	Viridiplantae	126	False
P22265	Drosophila melanogaster	Metazoa	954	False
Q9LW29	Arabidopsis thaliana	Viridiplantae	575	False
Q6ZMT4	Homo sapiens	Metazoa	941	False
Q84LB6	Solanum lycopersicum	Viridiplantae	417	False
Q3T040	Bos taurus	Metazoa	242	False
P38088	Saccharomyces cerevisiae (strain ATCC 204508 / S288c)	Fungi	690	False
Q9W088	Drosophila melanogaster	Metazoa	431	False
Q5A4H5	Candida albicans (strain SC5314 / ATCC MYA-2876)	Fungi	731	False
P89105	Saccharomyces cerevisiae (strain ATCC 204508 / S288c)	Fungi	1077	False
P33411	Saccharomyces cerevisiae (strain ATCC 204508 / S288c)	Fungi	251	False
Q6K678	Oryza sativa subsp. japonica	Viridiplantae	210	False
O81851	Arabidopsis thaliana	Viridiplantae	304	False
Q9Y2D1	Homo sapiens	Metazoa	282	False
P83214	Octopus vulgaris	Metazoa	56	False
Q8TAT5	Homo sapiens	Metazoa	605	False
Q33DK1	Oryza sativa subsp. japonica	Viridiplantae	203	False
Q9VRJ0	Drosophila melanogaster	Metazoa	726	False
Q96D46	Homo sapiens	Metazoa	503	False
P47006	Saccharomyces cerevisiae (strain ATCC 204508 / S288c)	Fungi	233	False
Q07279	Mus musculus	Metazoa	373	False
Q9SWW6	Arabidopsis thaliana	Viridiplantae	1026	False
Q56XY2	Arabidopsis thaliana	Viridiplantae	298	False
Q23064	Caenorhabditis elegans	Metazoa	1041	False
P82139	Spinacia oleracea	Viridiplantae	232	False
Q8L5Z4	Arabidopsis thaliana	Viridiplantae	584	False
Q920G9	Mus musculus	Metazoa	524	False
Q9BY41	Homo sapiens	Metazoa	377	False
P48237	Saccharomyces cerevisiae (strain ATCC 204508 / S288c)	Fungi	864	False
O14134	Schizosaccharomyces pombe (strain 972 / ATCC 24843)	Fungi	1057	False
P39015	Saccharomyces cerevisiae (strain ATCC 204508 / S288c)	Fungi	273	False
P52553	Saccharomyces cerevisiae (strain ATCC 204508 / S288c)	Fungi	114	False
Q5IRJ6	Mus musculus	Metazoa	567	False
P36078	Saccharomyces cerevisiae (strain ATCC 204508 / S288c)	Fungi	116	False
P38182	Saccharomyces cerevisiae (strain ATCC 204508 / S288c)	Fungi	117	False
Q8WXI7	Homo sapiens	Metazoa	14507	False
Q8N5Y2	Homo sapiens	Metazoa	521	False
Q9LRH6	Arabidopsis thaliana	Viridiplantae	309	False
Q9NRP7	Homo sapiens	Metazoa	1315	False
Q22663	Caenorhabditis elegans	Metazoa	183	False
Q4VBD9	Mus musculus	Metazoa	706	False
P29747	Drosophila melanogaster	Metazoa	516	False
O81775	Arabidopsis thaliana	Viridiplantae	158	True
Q8VIE6	Mus musculus	Metazoa	465	True
Q03388	Saccharomyces cerevisiae (strain ATCC 204508 / S288c)	Fungi	795	False
Q7TSH3	Mus musculus	Metazoa	1157	False
G3UYX5	Mus musculus	Metazoa	1258	False
Q8N3J2	Homo sapiens	Metazoa	472	False
Q8TEW0	Homo sapiens	Metazoa	1356	False
O00522	Homo sapiens	Metazoa	736	False
Q68CP9	Homo sapiens	Metazoa	1835	False
Q6B0I6	Homo sapiens	Metazoa	523	False
Q9YHY6	Xenopus laevis	Metazoa	1364	False
Q99207	Saccharomyces cerevisiae (strain ATCC 204508 / S288c)	Fungi	810	False
Q8K2C6	Mus musculus	Metazoa	310	False
Q6FN94	Candida glabrata (strain ATCC 2001 / BCRC 20586 / JCM 3761 / NBRC 0622 / NRRL Y-65 / CBS 138)	Fungi	499	False
Q9M297	Arabidopsis thaliana	Viridiplantae	1256	False
Q03220	Saccharomyces cerevisiae (strain ATCC 204508 / S288c)	Fungi	320	False
Q6ZIK5	Oryza sativa subsp. japonica	Viridiplantae	394	False
P09368	Saccharomyces cerevisiae (strain ATCC 204508 / S288c)	Fungi	476	False
Q19LA2	Colocasia esculenta	Viridiplantae	84	False
Q10571	Homo sapiens	Metazoa	1320	False
P54920	Homo sapiens	Metazoa	295	False
Q944H2	Arabidopsis thaliana	Viridiplantae	391	False
Q00922	Candida boidinii	Fungi	663	False
Q9UBE0	Homo sapiens	Metazoa	346	False
P47002	Saccharomyces cerevisiae (strain ATCC 204508 / S288c)	Fungi	699	False
Q9FJV5	Arabidopsis thaliana	Viridiplantae	276	False
Q2M1K9	Homo sapiens	Metazoa	1284	False
Q02793	Saccharomyces cerevisiae (strain ATCC 204508 / S288c)	Fungi	397	False
P40992	Saccharomyces cerevisiae (strain ATCC 204508 / S288c)	Fungi	514	False
O35473	Mus musculus	Metazoa	141	False
Q07807	Saccharomyces cerevisiae (strain ATCC 204508 / S288c)	Fungi	879	False
P52890	Schizosaccharomyces pombe (strain 972 / ATCC 24843)	Fungi	566	False
O64517	Arabidopsis thaliana	Viridiplantae	418	False
Q00653	Homo sapiens	Metazoa	900	False
Q9R237	Rattus norvegicus	Metazoa	708	False
Q9Z1T5	Mus musculus	Metazoa	566	False
P59382	Rattus norvegicus	Metazoa	212	False
Q24434	Drosophila melanogaster	Metazoa	479	False
Q9FFH1	Arabidopsis thaliana	Viridiplantae	1694	False
Q9Y4U1	Homo sapiens	Metazoa	282	False
Q7Z4V0	Homo sapiens	Metazoa	828	False
Q05543	Saccharomyces cerevisiae (strain ATCC 204508 / S288c)	Fungi	409	False
O43805	Homo sapiens	Metazoa	119	False
O43325	Homo sapiens	Metazoa	122	False
Q92624	Homo sapiens	Metazoa	585	False
Q7Z7F0	Homo sapiens	Metazoa	614	False
Q84VQ1	Arabidopsis thaliana	Viridiplantae	283	False
Q9D808	Mus musculus	Metazoa	123	True
Q5XF07	Arabidopsis thaliana	Viridiplantae	364	False
Q23696	Crithidia fasciculata	Other	467	False
P29374	Homo sapiens	Metazoa	1257	False
Q9STF2	Arabidopsis thaliana	Viridiplantae	510	False
Q42577	Arabidopsis thaliana	Viridiplantae	218	False
O14122	Schizosaccharomyces pombe (strain 972 / ATCC 24843)	Fungi	734	False
E9Q5G7	Mus musculus	Metazoa	496	False
Q9BQ87	Homo sapiens	Metazoa	522	False
Q94AQ9	Arabidopsis thaliana	Viridiplantae	260	False
O94874	Homo sapiens	Metazoa	794	False
Q8GT74	Arabidopsis thaliana	Viridiplantae	241	True
B6HQN4	Penicillium rubens (strain ATCC 28089 / DSM 1075 / NRRL 1951 / Wisconsin 54-1255)	Fungi	268	False
O43822	Homo sapiens	Metazoa	256	False
P53317	Saccharomyces cerevisiae (strain ATCC 204508 / S288c)	Fungi	196	False
Q9SKZ5	Arabidopsis thaliana	Viridiplantae	560	False
O13988	Schizosaccharomyces pombe (strain 972 / ATCC 24843)	Fungi	555	False
Q9Y3V2	Homo sapiens	Metazoa	267	False
Q3UL53	Mus musculus	Metazoa	246	False
Q0WPT7	Arabidopsis thaliana	Viridiplantae	352	False
Q9BWU0	Homo sapiens	Metazoa	742	False
P16965	Saccharomyces cerevisiae (strain ATCC 204508 / S288c)	Fungi	84	False
Q8RWV0	Arabidopsis thaliana	Viridiplantae	741	False
P17937	Schizosaccharomyces pombe (strain 972 / ATCC 24843)	Fungi	249	False
A0JNW5	Homo sapiens	Metazoa	1464	False
P22315	Mus musculus	Metazoa	422	False
Q15847	Homo sapiens	Metazoa	76	False
Q8VYI3	Arabidopsis thaliana	Viridiplantae	309	False
Q9D992	Mus musculus	Metazoa	256	False
P38998	Saccharomyces cerevisiae (strain ATCC 204508 / S288c)	Fungi	373	False
Q5I2A0	Mus musculus	Metazoa	440	False
O22267	Arabidopsis thaliana	Viridiplantae	1122	True
P49590	Homo sapiens	Metazoa	506	False
Q7SGU0	Neurospora crassa (strain ATCC 24698 / 74-OR23-1A / CBS 708.71 / DSM 1257 / FGSC 987)	Fungi	376	False
Q8BUE4	Mus musculus	Metazoa	373	True
A0A0N7KIY3	Oryza sativa subsp. japonica	Viridiplantae	352	False
P20484	Saccharomyces cerevisiae (strain ATCC 204508 / S288c)	Fungi	414	False
P40858	Saccharomyces cerevisiae (strain ATCC 204508 / S288c)	Fungi	161	False
O62471	Caenorhabditis elegans	Metazoa	1592	False
Q8VYD4	Arabidopsis thaliana	Viridiplantae	867	True
Q03525	Saccharomyces cerevisiae (strain ATCC 204508 / S288c)	Fungi	211	False
O60165	Schizosaccharomyces pombe (strain 972 / ATCC 24843)	Fungi	428	False
Q562A2	Rattus norvegicus	Metazoa	1073	False
Q9HB75	Homo sapiens	Metazoa	910	False
Q04149	Saccharomyces cerevisiae (strain ATCC 204508 / S288c)	Fungi	632	False
Q8BKC5	Mus musculus	Metazoa	1097	False
Q93WG3	Arabidopsis thaliana	Viridiplantae	294	False
P54860	Saccharomyces cerevisiae (strain ATCC 204508 / S288c)	Fungi	961	False
Q9NX55	Homo sapiens	Metazoa	121	False
O74405	Schizosaccharomyces pombe (strain 972 / ATCC 24843)	Fungi	381	False
B1ASB6	Mus musculus	Metazoa	1015	False
Q9USL4	Schizosaccharomyces pombe (strain 972 / ATCC 24843)	Fungi	549	False
Q9CR24	Mus musculus	Metazoa	210	False
Q9H875	Homo sapiens	Metazoa	184	False
Q8SXD4	Drosophila melanogaster	Metazoa	1122	False
Q8WV22	Homo sapiens	Metazoa	266	False
P14164	Saccharomyces cerevisiae (strain ATCC 204508 / S288c)	Fungi	731	False
A0A1P8BH03	Arabidopsis thaliana	Viridiplantae	404	False
P42736	Arabidopsis thaliana	Viridiplantae	248	False
Q8BJ63	Mus musculus	Metazoa	490	False
P22516	Saccharomyces cerevisiae (strain ATCC 204508 / S288c)	Fungi	861	False
O14044	Schizosaccharomyces pombe (strain 972 / ATCC 24843)	Fungi	241	False
A8WFJ9	Caenorhabditis elegans	Metazoa	437	False
P53062	Saccharomyces cerevisiae (strain ATCC 204508 / S288c)	Fungi	197	True
Q95QI7	Caenorhabditis elegans	Metazoa	892	False
Q9D818	Mus musculus	Metazoa	391	False
Q99314	Saccharomyces cerevisiae (strain ATCC 204508 / S288c)	Fungi	248	False
Q9BYN7	Homo sapiens	Metazoa	854	False
Q9NWB6	Homo sapiens	Metazoa	273	False
Q9M9V6	Arabidopsis thaliana	Viridiplantae	562	False
Q8NBS3	Homo sapiens	Metazoa	875	False
Q9SU05	Arabidopsis thaliana	Viridiplantae	382	False
G5EEG7	Caenorhabditis elegans	Metazoa	510	False
Q9QZM5	Rattus norvegicus	Metazoa	476	False
Q8CEG8	Mus musculus	Metazoa	438	False
P32342	Saccharomyces cerevisiae (strain ATCC 204508 / S288c)	Fungi	167	False
Q96375	Capsicum annuum	Viridiplantae	660	False
Q04170	Saccharomyces cerevisiae (strain ATCC 204508 / S288c)	Fungi	232	False
Q9V3Z1	Drosophila melanogaster	Metazoa	484	False
P38360	Saccharomyces cerevisiae (strain ATCC 204508 / S288c)	Fungi	1216	False
Q9DBG9	Mus musculus	Metazoa	124	False
Q96SQ7	Homo sapiens	Metazoa	321	False
Q9ZV24	Arabidopsis thaliana	Viridiplantae	148	True
Q5VYK3	Homo sapiens	Metazoa	1845	False
Q9BWL3	Homo sapiens	Metazoa	253	True
Q9SM44	Spinacia oleracea	Viridiplantae	522	False
O81787	Arabidopsis thaliana	Viridiplantae	527	False
Q9S736	Arabidopsis thaliana	Viridiplantae	566	False
P81900	Drosophila melanogaster	Metazoa	377	False
Q04411	Saccharomyces cerevisiae (strain ATCC 204508 / S288c)	Fungi	772	False
Q9HFF5	Schizosaccharomyces pombe (strain 972 / ATCC 24843)	Fungi	1205	False
P53297	Saccharomyces cerevisiae (strain ATCC 204508 / S288c)	Fungi	722	False
Q6NLQ7	Arabidopsis thaliana	Viridiplantae	476	False
Q0P5I5	Bos taurus	Metazoa	327	False
A0A0B5KU17	Penicillium brevicompactum	Fungi	2190	False
Q0JHU5	Oryza sativa subsp. japonica	Viridiplantae	159	False
Q9D1E5	Mus musculus	Metazoa	489	True
Q9BZJ7	Homo sapiens	Metazoa	368	True
P38325	Saccharomyces cerevisiae (strain ATCC 204508 / S288c)	Fungi	134	True
Q9Y2R0	Homo sapiens	Metazoa	106	True
P32567	Saccharomyces cerevisiae (strain ATCC 204508 / S288c)	Fungi	862	False
Q7DMA9	Arabidopsis thaliana	Viridiplantae	635	False
P0C089	Rattus norvegicus	Metazoa	193	False
Q8NFT6	Homo sapiens	Metazoa	615	False
Q9LTY1	Arabidopsis thaliana	Viridiplantae	726	False
Q01064	Homo sapiens	Metazoa	536	False
A6YSL1	Zea mays	Viridiplantae	525	False
P33076	Homo sapiens	Metazoa	1130	False
Q7RYV0	Neurospora crassa (strain ATCC 24698 / 74-OR23-1A / CBS 708.71 / DSM 1257 / FGSC 987)	Fungi	176	False
O74500	Schizosaccharomyces pombe (strain 972 / ATCC 24843)	Fungi	736	False
P49919	Mus musculus	Metazoa	348	False
Q9JM80	Rattus norvegicus	Metazoa	424	True
Q3E7A8	Saccharomyces cerevisiae (strain ATCC 204508 / S288c)	Fungi	72	False
Q8NDZ2	Homo sapiens	Metazoa	872	False
Q53TN4	Homo sapiens	Metazoa	286	True
A8MPH9	Drosophila melanogaster	Metazoa	722	False
O14253	Schizosaccharomyces pombe (strain 972 / ATCC 24843)	Fungi	780	False
P36402	Homo sapiens	Metazoa	384	False
Q92585	Homo sapiens	Metazoa	1016	False
Q9NS37	Homo sapiens	Metazoa	354	False
Q9NW75	Homo sapiens	Metazoa	528	False
Q9DB00	Mus musculus	Metazoa	2260	False
Q8L4R0	Arabidopsis thaliana	Viridiplantae	350	False
Q3YEC7	Homo sapiens	Metazoa	729	False
Q80TT2	Mus musculus	Metazoa	1150	False
Q15916	Homo sapiens	Metazoa	424	False
Q9Y6N1	Homo sapiens	Metazoa	276	False
Q96QT6	Homo sapiens	Metazoa	1004	False
Q12068	Saccharomyces cerevisiae (strain ATCC 204508 / S288c)	Fungi	342	False
Q9FEC4	Chlamydomonas reinhardtii	Viridiplantae	1783	False
P14923	Homo sapiens	Metazoa	745	False
Q9SQR5	Arabidopsis thaliana	Viridiplantae	554	False
O94617	Schizosaccharomyces pombe (strain 972 / ATCC 24843)	Fungi	475	False
P53628	Saccharomyces cerevisiae (strain ATCC 204508 / S288c)	Fungi	566	False
Q8CII8	Mus musculus	Metazoa	388	False
Q96GJ1	Homo sapiens	Metazoa	504	False
P52435	Homo sapiens	Metazoa	117	False
Q920Q8	Mus musculus	Metazoa	642	False
Q8MUF9	Dictyostelium discoideum	Other	649	False
O08774	Rattus norvegicus	Metazoa	1387	False
P52656	Drosophila melanogaster	Metazoa	106	False
Q8TEK3	Homo sapiens	Metazoa	1537	False
P53256	Saccharomyces cerevisiae (strain ATCC 204508 / S288c)	Fungi	223	False
Q8BMA3	Mus musculus	Metazoa	555	False
Q99ML9	Mus musculus	Metazoa	989	False
F4IHY7	Arabidopsis thaliana	Viridiplantae	527	False
Q8GW29	Arabidopsis thaliana	Viridiplantae	217	False
Q6LA53	Schizosaccharomyces pombe (strain 972 / ATCC 24843)	Fungi	346	False
Q9USW5	Schizosaccharomyces pombe (strain 972 / ATCC 24843)	Fungi	262	False
O64973	Arabidopsis thaliana	Viridiplantae	889	False
Q9C7S0	Arabidopsis thaliana	Viridiplantae	295	False
Q04226	Saccharomyces cerevisiae (strain ATCC 204508 / S288c)	Fungi	346	False
P47791	Mus musculus	Metazoa	500	False
P22681	Homo sapiens	Metazoa	906	False
Q08774	Saccharomyces cerevisiae (strain ATCC 204508 / S288c)	Fungi	242	False
Q9Y5Q5	Homo sapiens	Metazoa	1042	True
Q9LVB9	Arabidopsis thaliana	Viridiplantae	172	False
Q38897	Arabidopsis thaliana	Viridiplantae	611	False
P39103	Saccharomyces cerevisiae (strain ATCC 204508 / S288c)	Fungi	70	True
O74388	Schizosaccharomyces pombe (strain 972 / ATCC 24843)	Fungi	301	False
Q7M0E7	Rattus norvegicus	Metazoa	145	False
F4JLC1	Arabidopsis thaliana	Viridiplantae	331	False
P35637	Homo sapiens	Metazoa	526	False
Q00IB6	Arabidopsis thaliana	Viridiplantae	440	False
Q8L7S5	Arabidopsis thaliana	Viridiplantae	642	False
P10900	Hordeum vulgare	Viridiplantae	508	True
Q9SX65	Arabidopsis thaliana	Viridiplantae	156	False
Q10271	Schizosaccharomyces pombe (strain 972 / ATCC 24843)	Fungi	321	False
O95997	Homo sapiens	Metazoa	202	False
Q9JKU3	Rattus norvegicus	Metazoa	1749	False
Q8H1D4	Arabidopsis thaliana	Viridiplantae	355	False
P23511	Homo sapiens	Metazoa	347	False
Q8TAX9	Homo sapiens	Metazoa	416	False
P18886	Rattus norvegicus	Metazoa	658	False
O22802	Arabidopsis thaliana	Viridiplantae	97	True
P46951	Saccharomyces cerevisiae (strain ATCC 204508 / S288c)	Fungi	817	False
F4KH86	Arabidopsis thaliana	Viridiplantae	400	False
B8ZXI1	Mus musculus	Metazoa	415	False
Q9V6Q2	Drosophila melanogaster	Metazoa	225	False
Q9C8H3	Arabidopsis thaliana	Viridiplantae	776	False
Q19087	Caenorhabditis elegans	Metazoa	470	False
Q9R269	Mus musculus	Metazoa	1755	False
O81836	Arabidopsis thaliana	Viridiplantae	314	False
Q9USH6	Schizosaccharomyces pombe (strain 972 / ATCC 24843)	Fungi	204	False
O20029	Chlamydomonas reinhardtii	Viridiplantae	191	False
Q9VDE4	Drosophila melanogaster	Metazoa	286	False
Q9W3E2	Drosophila melanogaster	Metazoa	1195	False
Q71SY5	Homo sapiens	Metazoa	747	False
Q9P0P8	Homo sapiens	Metazoa	240	False
Q12420	Saccharomyces cerevisiae (strain ATCC 204508 / S288c)	Fungi	587	False
P32761	Chlamydomonas moewusii	Viridiplantae	218	False
Q80WK2	Mus musculus	Metazoa	128	True
P05085	Saccharomyces cerevisiae (strain ATCC 204508 / S288c)	Fungi	880	False
Q5Q0E6	Arabidopsis thaliana	Viridiplantae	473	False
Q9LTQ0	Arabidopsis thaliana	Viridiplantae	391	False
Q76PC4	Schizosaccharomyces pombe (strain 972 / ATCC 24843)	Fungi	562	False
P36159	Saccharomyces cerevisiae (strain ATCC 204508 / S288c)	Fungi	838	False
Q9H0E9	Homo sapiens	Metazoa	1235	False
P43589	Saccharomyces cerevisiae (strain ATCC 204508 / S288c)	Fungi	448	False
Q9UU99	Schizosaccharomyces pombe (strain 972 / ATCC 24843)	Fungi	1008	False
P20052	Saccharomyces cerevisiae (strain ATCC 204508 / S288c)	Fungi	293	False
Q9USM3	Schizosaccharomyces pombe (strain 972 / ATCC 24843)	Fungi	418	False
Q09094	Schizosaccharomyces pombe (strain 972 / ATCC 24843)	Fungi	180	False
Q62187	Mus musculus	Metazoa	859	False
Q8IEF6	Plasmodium falciparum (isolate 3D7)	Other	414	False
Q76JU9	Mus musculus	Metazoa	300	True
O94664	Schizosaccharomyces pombe (strain 972 / ATCC 24843)	Fungi	234	False
Q7Z4G1	Homo sapiens	Metazoa	85	False
Q96BR5	Homo sapiens	Metazoa	231	False
Q96GC9	Homo sapiens	Metazoa	406	True
Q9WTR1	Mus musculus	Metazoa	756	False
Q5VZV1	Homo sapiens	Metazoa	264	False
Q6B860	Bos taurus	Metazoa	128	False
Q9SEL7	Arabidopsis thaliana	Viridiplantae	323	False
Q7ZT82	Danio rerio	Metazoa	382	False
Q9QXN0	Mus musculus	Metazoa	1986	False
O94606	Schizosaccharomyces pombe (strain 972 / ATCC 24843)	Fungi	473	False
Q15326	Homo sapiens	Metazoa	602	False
Q9H0F6	Homo sapiens	Metazoa	387	False
Q9SSW0	Arabidopsis thaliana	Viridiplantae	193	False
A0A509AQJ1	Plasmodium berghei (strain Anka)	Other	1340	False
Q8BWY7	Mus musculus	Metazoa	342	True
Q9VV73	Drosophila melanogaster	Metazoa	841	False
Q6P926	Mus musculus	Metazoa	205	False
P22561	Mus musculus	Metazoa	449	False
Q04003	Saccharomyces cerevisiae (strain ATCC 204508 / S288c)	Fungi	481	False
Q03761	Saccharomyces cerevisiae (strain ATCC 204508 / S288c)	Fungi	539	False
P47007	Saccharomyces cerevisiae (strain ATCC 204508 / S288c)	Fungi	382	False
Q8R2H7	Rattus norvegicus	Metazoa	913	False
Q9M2V1	Arabidopsis thaliana	Viridiplantae	405	False
P70582	Rattus norvegicus	Metazoa	510	False
Q02749	Saccharomyces cerevisiae (strain ATCC 204508 / S288c)	Fungi	293	False
P22224	Saccharomyces cerevisiae (strain ATCC 204508 / S288c)	Fungi	910	False
P53217	Saccharomyces cerevisiae (strain ATCC 204508 / S288c)	Fungi	278	True
P20050	Saccharomyces cerevisiae (strain ATCC 204508 / S288c)	Fungi	605	False
P32335	Saccharomyces cerevisiae (strain ATCC 204508 / S288c)	Fungi	436	False
Q02685	Saccharomyces cerevisiae (strain ATCC 204508 / S288c)	Fungi	241	False
Q06623	Saccharomyces cerevisiae (strain ATCC 204508 / S288c)	Fungi	655	False
A9LNK9	Arabidopsis thaliana	Viridiplantae	631	False
Q9V4C8	Drosophila melanogaster	Metazoa	1500	False
P93740	Arabidopsis thaliana	Viridiplantae	280	False
P87227	Schizosaccharomyces pombe (strain 972 / ATCC 24843)	Fungi	672	False
Q12066	Saccharomyces cerevisiae (strain ATCC 204508 / S288c)	Fungi	484	False
Q61136	Mus musculus	Metazoa	1007	False
Q8QG92	Xenopus laevis	Metazoa	824	False
Q9XQN8	Sinapis alba	Viridiplantae	327	False
Q8S9M1	Arabidopsis thaliana	Viridiplantae	299	False
P69851	Saccharomyces cerevisiae (strain ATCC 204508 / S288c)	Fungi	72	False
O76906	Drosophila melanogaster	Metazoa	982	False
P39990	Saccharomyces cerevisiae (strain ATCC 204508 / S288c)	Fungi	126	False
Q5XIE6	Rattus norvegicus	Metazoa	385	False
Q9D945	Mus musculus	Metazoa	130	False
Q04172	Saccharomyces cerevisiae (strain ATCC 204508 / S288c)	Fungi	456	False
P32344	Saccharomyces cerevisiae (strain ATCC 204508 / S288c)	Fungi	111	False
Q68DD2	Homo sapiens	Metazoa	849	False
P40366	Saccharomyces cerevisiae (strain ATCC 204508 / S288c)	Fungi	167	False
Q9Z0X1	Mus musculus	Metazoa	612	False
Q383Q5	Trypanosoma brucei brucei (strain 927/4 GUTat10.1)	Other	209	False
Q96JM3	Homo sapiens	Metazoa	812	False
P47929	Homo sapiens	Metazoa	136	False
Q9UUE5	Schizosaccharomyces pombe (strain 972 / ATCC 24843)	Fungi	675	False
Q8MLV1	Drosophila melanogaster	Metazoa	741	False
Q05568	Saccharomyces cerevisiae (strain ATCC 204508 / S288c)	Fungi	337	True
Q7Z7K6	Homo sapiens	Metazoa	275	False
Q8LBM2	Arabidopsis thaliana	Viridiplantae	131	False
Q12368	Saccharomyces cerevisiae (strain ATCC 204508 / S288c)	Fungi	194	False
Q84JF5	Arabidopsis thaliana	Viridiplantae	483	False
Q8LGJ5	Arabidopsis thaliana	Viridiplantae	276	False
P38241	Saccharomyces cerevisiae (strain ATCC 204508 / S288c)	Fungi	364	False
P40917	Saccharomyces cerevisiae (strain ATCC 204508 / S288c)	Fungi	295	False
P28070	Homo sapiens	Metazoa	264	False
Q12052	Saccharomyces cerevisiae (strain ATCC 204508 / S288c)	Fungi	315	False
Q9BVL4	Homo sapiens	Metazoa	669	False
Q8NCE0	Homo sapiens	Metazoa	465	False
Q9Y3M2	Homo sapiens	Metazoa	126	False
Q9H5Z6	Homo sapiens	Metazoa	455	False
Q8NAG6	Homo sapiens	Metazoa	615	False
P46943	Saccharomyces cerevisiae (strain ATCC 204508 / S288c)	Fungi	645	False
Q9LZD0	Arabidopsis thaliana	Viridiplantae	599	False
O64750	Arabidopsis thaliana	Viridiplantae	186	False
Q96MB7	Homo sapiens	Metazoa	349	False
G5EDN3	Caenorhabditis elegans	Metazoa	1353	False
P39943	Saccharomyces cerevisiae (strain ATCC 204508 / S288c)	Fungi	394	False
Q6PCD5	Homo sapiens	Metazoa	774	False
P41318	Saccharomyces cerevisiae (strain ATCC 204508 / S288c)	Fungi	303	False
Q6DYE4	Arabidopsis thaliana	Viridiplantae	455	False
Q86UB2	Homo sapiens	Metazoa	503	False
Q93009	Homo sapiens	Metazoa	1102	False
Q02892	Saccharomyces cerevisiae (strain ATCC 204508 / S288c)	Fungi	647	False
Q9GZT6	Homo sapiens	Metazoa	254	False
Q6IDB0	Arabidopsis thaliana	Viridiplantae	193	False
Q04116	Saccharomyces cerevisiae (strain ATCC 204508 / S288c)	Fungi	353	False
Q5DTT2	Mus musculus	Metazoa	1024	False
P38137	Saccharomyces cerevisiae (strain ATCC 204508 / S288c)	Fungi	543	False
Q15398	Homo sapiens	Metazoa	846	False
Q8VCM2	Mus musculus	Metazoa	349	False
P23116	Mus musculus	Metazoa	1344	False
Q95RV2	Drosophila melanogaster	Metazoa	345	False
Q3U4H6	Mus musculus	Metazoa	486	False
P49367	Saccharomyces cerevisiae (strain ATCC 204508 / S288c)	Fungi	693	False
Q58WW2	Homo sapiens	Metazoa	860	False
Q8IYM2	Homo sapiens	Metazoa	578	False
Q01892	Homo sapiens	Metazoa	262	False
Q7Z2Z1	Homo sapiens	Metazoa	1910	False
D3ZXW3	Rattus norvegicus	Metazoa	298	False
Q09228	Caenorhabditis elegans	Metazoa	1129	False
B9DFX7	Arabidopsis thaliana	Viridiplantae	883	False
Q63472	Rattus norvegicus	Metazoa	962	False
Q95T19	Drosophila melanogaster	Metazoa	464	False
Q99PQ2	Mus musculus	Metazoa	467	False
Q54XQ2	Dictyostelium discoideum	Other	1125	False
Q96AH0	Homo sapiens	Metazoa	204	False
O14013	Schizosaccharomyces pombe (strain 972 / ATCC 24843)	Fungi	556	False
Q00731	Mus musculus	Metazoa	392	False
O70361	Mus musculus	Metazoa	1113	False
Q9BRP8	Homo sapiens	Metazoa	204	False
Q8WV28	Homo sapiens	Metazoa	456	False
Q9LSV0	Arabidopsis thaliana	Viridiplantae	289	False
O22806	Arabidopsis thaliana	Viridiplantae	395	False
Q9SZ63	Arabidopsis thaliana	Viridiplantae	309	False
Q80XX4	Rattus norvegicus	Metazoa	82	False
Q4AE62	Homo sapiens	Metazoa	458	False
P25586	Saccharomyces cerevisiae (strain ATCC 204508 / S288c)	Fungi	316	False
Q8IYL3	Homo sapiens	Metazoa	243	False
Q86V20	Homo sapiens	Metazoa	835	False
E9Q6W4	Mus musculus	Metazoa	445	False
O70337	Mus musculus	Metazoa	150	False
Q9P0N8	Homo sapiens	Metazoa	246	False
P53196	Saccharomyces cerevisiae (strain ATCC 204508 / S288c)	Fungi	417	False
Q9ZPX5	Arabidopsis thaliana	Viridiplantae	632	False
P07276	Saccharomyces cerevisiae (strain ATCC 204508 / S288c)	Fungi	1031	False
O75528	Homo sapiens	Metazoa	432	False
Q10L01	Oryza sativa subsp. japonica	Viridiplantae	382	True
P85845	Rattus norvegicus	Metazoa	493	False
P57081	Homo sapiens	Metazoa	412	False
P97855	Mus musculus	Metazoa	465	False
S4TF94	Humulus lupulus	Viridiplantae	527	False
A0A2I0C2C6	Plasmodium falciparum (isolate NF54)	Other	3078	False
Q06188	Saccharomyces cerevisiae (strain ATCC 204508 / S288c)	Fungi	304	False
Q05937	Saccharomyces cerevisiae (strain ATCC 204508 / S288c)	Fungi	343	False
Q02772	Saccharomyces cerevisiae (strain ATCC 204508 / S288c)	Fungi	108	False
P25348	Saccharomyces cerevisiae (strain ATCC 204508 / S288c)	Fungi	183	False
Q8VYM2	Arabidopsis thaliana	Viridiplantae	524	True
Q8C624	Mus musculus	Metazoa	132	False
Q9C106	Schizosaccharomyces pombe (strain 972 / ATCC 24843)	Fungi	591	False
Q9Z2F5	Rattus norvegicus	Metazoa	430	False
Q9T6H8	Arabidopsis thaliana	Viridiplantae	382	True
Q99575	Homo sapiens	Metazoa	1024	False
Q941Q3	Arabidopsis thaliana	Viridiplantae	524	False
Q9H1K0	Homo sapiens	Metazoa	784	False
Q84XV2	Arabidopsis thaliana	Viridiplantae	386	False
O75821	Homo sapiens	Metazoa	320	False
Q9GZR1	Homo sapiens	Metazoa	1112	False
Q96ER3	Homo sapiens	Metazoa	474	False
Q9B6C8	Yarrowia lipolytica (strain CLIB 122 / E 150)	Fungi	469	True
Q3MK94	Arabidopsis thaliana	Viridiplantae	428	False
Q8RWN0	Arabidopsis thaliana	Viridiplantae	571	False
P34815	Caenorhabditis elegans	Metazoa	591	False
Q8NBT2	Homo sapiens	Metazoa	197	False
Q84TH4	Arabidopsis thaliana	Viridiplantae	382	False
Q99LD8	Mus musculus	Metazoa	285	False
P40506	Saccharomyces cerevisiae (strain ATCC 204508 / S288c)	Fungi	365	False
P70669	Mus musculus	Metazoa	749	True
P11420	Drosophila melanogaster	Metazoa	710	False
P34225	Saccharomyces cerevisiae (strain ATCC 204508 / S288c)	Fungi	687	False
Q6KCD5	Mus musculus	Metazoa	2798	False
Q8BUV3	Mus musculus	Metazoa	769	False
P97813	Mus musculus	Metazoa	933	False
Q9W484	Drosophila melanogaster	Metazoa	985	False
O46411	Bos taurus	Metazoa	560	False
G3UVW3	Mus musculus	Metazoa	457	True
Q86V97	Homo sapiens	Metazoa	674	False
Q8R4T5	Rattus norvegicus	Metazoa	394	False
Q8LAJ7	Arabidopsis thaliana	Viridiplantae	292	False
Q6NKS4	Arabidopsis thaliana	Viridiplantae	258	False
P10664	Saccharomyces cerevisiae (strain ATCC 204508 / S288c)	Fungi	362	False
P56382	Mus musculus	Metazoa	52	False
Q1PDI2	Arabidopsis thaliana	Viridiplantae	487	False
Q02455	Saccharomyces cerevisiae (strain ATCC 204508 / S288c)	Fungi	1875	False
Q336N8	Oryza sativa subsp. japonica	Viridiplantae	858	False
Q96DG6	Homo sapiens	Metazoa	245	False
P24522	Homo sapiens	Metazoa	165	False
O74350	Schizosaccharomyces pombe (strain 972 / ATCC 24843)	Fungi	299	False
B9U3F2	Gallus gallus	Metazoa	1338	True
Q9LIK9	Arabidopsis thaliana	Viridiplantae	463	False
P54345	Chlamydomonas reinhardtii	Viridiplantae	156	False
P25615	Saccharomyces cerevisiae (strain ATCC 204508 / S288c)	Fungi	582	False
Q9NP94	Homo sapiens	Metazoa	309	True
Q9JHR7	Mus musculus	Metazoa	1019	False
Q06563	Saccharomyces cerevisiae (strain ATCC 204508 / S288c)	Fungi	197	True
C4R5T1	Komagataella phaffii (strain GS115 / ATCC 20864)	Fungi	384	False
P09021	Mus musculus	Metazoa	270	False
Q9JM05	Mus musculus	Metazoa	507	False
Q12089	Saccharomyces cerevisiae (strain ATCC 204508 / S288c)	Fungi	606	False
Q9NZN9	Homo sapiens	Metazoa	384	False
P90994	Caenorhabditis elegans	Metazoa	187	False
Q16891	Homo sapiens	Metazoa	758	True
Q9DBU6	Mus musculus	Metazoa	334	False
Q02825	Saccharomyces cerevisiae (strain ATCC 204508 / S288c)	Fungi	467	False
Q03694	Saccharomyces cerevisiae (strain ATCC 204508 / S288c)	Fungi	420	False
Q9C8J7	Arabidopsis thaliana	Viridiplantae	509	False
P31356	Todarodes pacificus	Metazoa	448	True
Q08047	Zea mays	Viridiplantae	799	False
Q96ST2	Homo sapiens	Metazoa	819	False
P38803	Saccharomyces cerevisiae (strain ATCC 204508 / S288c)	Fungi	334	False
P97481	Mus musculus	Metazoa	874	False
P53114	Saccharomyces cerevisiae (strain ATCC 204508 / S288c)	Fungi	1132	False
Q8K2T8	Mus musculus	Metazoa	535	False
Q12192	Saccharomyces cerevisiae (strain ATCC 204508 / S288c)	Fungi	310	False
O95704	Homo sapiens	Metazoa	486	False
O59836	Schizosaccharomyces pombe (strain 972 / ATCC 24843)	Fungi	545	False
Q8K0U4	Mus musculus	Metazoa	675	False
P53112	Saccharomyces cerevisiae (strain ATCC 204508 / S288c)	Fungi	341	False
Q09668	Schizosaccharomyces pombe (strain 972 / ATCC 24843)	Fungi	117	False
Q08923	Saccharomyces cerevisiae (strain ATCC 204508 / S288c)	Fungi	506	False
P38772	Saccharomyces cerevisiae (strain ATCC 204508 / S288c)	Fungi	366	False
Q9FJF4	Arabidopsis thaliana	Viridiplantae	306	False
Q8BTQ0	Mus musculus	Metazoa	241	False
Q01532	Saccharomyces cerevisiae (strain ATCC 204508 / S288c)	Fungi	483	False
Q03774	Saccharomyces cerevisiae (strain ATCC 204508 / S288c)	Fungi	444	False
Q91YD4	Mus musculus	Metazoa	1506	False
Q3U8K7	Mus musculus	Metazoa	883	False
O42998	Schizosaccharomyces pombe (strain 972 / ATCC 24843)	Fungi	1919	False
P0C5Y9	Homo sapiens	Metazoa	115	False
Q9QY93	Mus musculus	Metazoa	170	False
P28004	Saccharomyces cerevisiae (strain ATCC 204508 / S288c)	Fungi	379	False
Q6GNV6	Xenopus laevis	Metazoa	856	False
Q9VQD6	Drosophila melanogaster	Metazoa	381	False
Q9NRR8	Homo sapiens	Metazoa	79	False
Q9C9M6	Arabidopsis thaliana	Viridiplantae	196	False
Q96BP2	Homo sapiens	Metazoa	118	False
Q9LRB7	Oryza sativa subsp. japonica	Viridiplantae	325	True
P28776	Mus musculus	Metazoa	407	False
Q7XB51	Physcomitrium patens	Viridiplantae	967	True
Q8N0S6	Homo sapiens	Metazoa	344	False
Q1K548	Neurospora crassa (strain ATCC 24698 / 74-OR23-1A / CBS 708.71 / DSM 1257 / FGSC 987)	Fungi	477	False
P38855	Saccharomyces cerevisiae (strain ATCC 204508 / S288c)	Fungi	283	False
Q99L02	Mus musculus	Metazoa	253	False
Q9LVI9	Arabidopsis thaliana	Viridiplantae	426	False
P53724	Saccharomyces cerevisiae (strain ATCC 204508 / S288c)	Fungi	139	False
Q9Y6J0	Homo sapiens	Metazoa	2220	False
P56378	Homo sapiens	Metazoa	58	True
Q5TB30	Homo sapiens	Metazoa	811	False
Q18412	Caenorhabditis elegans	Metazoa	309	False
P15847	Plasmodium falciparum	Other	184	False
Q7TPD6	Mus musculus	Metazoa	673	False
O82743	Arabidopsis thaliana	Viridiplantae	219	False
O88286	Mus musculus	Metazoa	1684	False
Q6MG82	Rattus norvegicus	Metazoa	306	False
Q9M3I4	Spinacia oleracea	Viridiplantae	90	False
Q03631	Saccharomyces cerevisiae (strain ATCC 204508 / S288c)	Fungi	944	False
P83510	Mus musculus	Metazoa	1323	False
Q9FGR0	Arabidopsis thaliana	Viridiplantae	1442	False
Q22707	Caenorhabditis elegans	Metazoa	233	False
Q96PH1	Homo sapiens	Metazoa	765	False
O54825	Mus musculus	Metazoa	436	False
P20084	Saccharomyces cerevisiae (strain ATCC 204508 / S288c)	Fungi	86	False
Q9LHF5	Arabidopsis thaliana	Viridiplantae	602	False
O43586	Homo sapiens	Metazoa	416	False
Q96EA4	Homo sapiens	Metazoa	605	False
Q96AZ6	Homo sapiens	Metazoa	181	False
Q9C103	Schizosaccharomyces pombe (strain 972 / ATCC 24843)	Fungi	735	False
Q13492	Homo sapiens	Metazoa	652	False
Q99607	Homo sapiens	Metazoa	663	False
Q9C0W0	Schizosaccharomyces pombe (strain 972 / ATCC 24843)	Fungi	409	False
O60952	Dictyostelium discoideum	Other	199	False
Q9VLP3	Drosophila melanogaster	Metazoa	122	False
Q9UKL0	Homo sapiens	Metazoa	485	False
O48917	Arabidopsis thaliana	Viridiplantae	477	False
Q06315	Saccharomyces cerevisiae (strain ATCC 204508 / S288c)	Fungi	1026	False
Q3E798	Saccharomyces cerevisiae (strain ATCC 204508 / S288c)	Fungi	87	True
Q8WYQ5	Homo sapiens	Metazoa	773	False
Q9P0R6	Homo sapiens	Metazoa	139	False
P00813	Homo sapiens	Metazoa	363	False
P36552	Mus musculus	Metazoa	443	False
Q9R1M5	Mus musculus	Metazoa	1163	False
Q9WUF3	Mus musculus	Metazoa	1962	False
Q8NFH3	Homo sapiens	Metazoa	380	False
Q1MTS0	Schizosaccharomyces pombe (strain 972 / ATCC 24843)	Fungi	597	False
Q9Y2K1	Homo sapiens	Metazoa	713	False
P20659	Drosophila melanogaster	Metazoa	3726	False
Q9UTR8	Schizosaccharomyces pombe (strain 972 / ATCC 24843)	Fungi	712	False
Q96GX5	Homo sapiens	Metazoa	879	False
O60174	Schizosaccharomyces pombe (strain 972 / ATCC 24843)	Fungi	582	False
P53990	Homo sapiens	Metazoa	364	False
Q09884	Schizosaccharomyces pombe (strain 972 / ATCC 24843)	Fungi	1374	False
Q9DBA9	Mus musculus	Metazoa	547	False
O60447	Homo sapiens	Metazoa	810	False
Q0D2I5	Homo sapiens	Metazoa	559	False
Q9H9P8	Homo sapiens	Metazoa	463	False
P98078	Mus musculus	Metazoa	766	False
Q9H227	Homo sapiens	Metazoa	469	False
B5KM66	Mus musculus	Metazoa	88	False
Q13868	Homo sapiens	Metazoa	293	False
O95714	Homo sapiens	Metazoa	4834	False
O43829	Homo sapiens	Metazoa	449	False
Q9UTP3	Schizosaccharomyces pombe (strain 972 / ATCC 24843)	Fungi	59	False
F4I902	Arabidopsis thaliana	Viridiplantae	420	False
Q08297	Mus musculus	Metazoa	339	False
O75132	Homo sapiens	Metazoa	1171	False
O45952	Caenorhabditis elegans	Metazoa	249	False
Q5BKR2	Mus musculus	Metazoa	547	True
Q9BSH3	Homo sapiens	Metazoa	213	False
Q9CQ29	Mus musculus	Metazoa	239	False
P92948	Arabidopsis thaliana	Viridiplantae	844	False
Q09LZ8	Mus musculus	Metazoa	540	False
Q86VP3	Homo sapiens	Metazoa	889	False
O17679	Caenorhabditis elegans	Metazoa	708	False
F4K1B4	Arabidopsis thaliana	Viridiplantae	335	False
Q23529	Caenorhabditis elegans	Metazoa	777	False
P0DI81	Homo sapiens	Metazoa	140	False
O13699	Schizosaccharomyces pombe (strain 972 / ATCC 24843)	Fungi	430	False
O42978	Schizosaccharomyces pombe (strain 972 / ATCC 24843)	Fungi	80	False
Q9H0G5	Homo sapiens	Metazoa	558	False
P51795	Homo sapiens	Metazoa	816	False
Q6SKR2	Mus musculus	Metazoa	214	False
Q8C0L9	Mus musculus	Metazoa	675	False
O14523	Homo sapiens	Metazoa	706	True
P38749	Saccharomyces cerevisiae (strain ATCC 204508 / S288c)	Fungi	330	False
Q9WUI0	Mus musculus	Metazoa	231	False
P36617	Schizosaccharomyces pombe (strain 972 / ATCC 24843)	Fungi	877	False
Q6NZQ4	Mus musculus	Metazoa	1056	False
P08635	Rattus norvegicus	Metazoa	263	False
Q24JJ9	Arabidopsis thaliana	Viridiplantae	361	False
Q14686	Homo sapiens	Metazoa	2063	False
P25846	Saccharomyces cerevisiae (strain ATCC 204508 / S288c)	Fungi	959	False
Q9UST6	Schizosaccharomyces pombe (strain 972 / ATCC 24843)	Fungi	198	False
Q5TCS8	Homo sapiens	Metazoa	1911	False
Q9Y5J6	Homo sapiens	Metazoa	103	False
Q6AX31	Xenopus laevis	Metazoa	660	True
P25368	Saccharomyces cerevisiae (strain ATCC 204508 / S288c)	Fungi	297	False
P08703	Penicillium chrysogenum	Fungi	331	False
Q3ECR7	Arabidopsis thaliana	Viridiplantae	62	True
P46422	Arabidopsis thaliana	Viridiplantae	212	False
P53287	Saccharomyces cerevisiae (strain ATCC 204508 / S288c)	Fungi	111	False
P42935	Saccharomyces cerevisiae (strain ATCC 204508 / S288c)	Fungi	788	False
P59178	Mus musculus	Metazoa	703	False
Q9NWT8	Homo sapiens	Metazoa	199	False
P57678	Homo sapiens	Metazoa	1058	False
P0DPG3	Trypanosoma brucei brucei	Other	75	False
Q04177	Saccharomyces cerevisiae (strain ATCC 204508 / S288c)	Fungi	643	False
Q9VKM1	Drosophila melanogaster	Metazoa	843	False
P38691	Saccharomyces cerevisiae (strain ATCC 204508 / S288c)	Fungi	1029	False
Q04377	Saccharomyces cerevisiae (strain ATCC 204508 / S288c)	Fungi	747	False
E5FYH0	Ovis aries	Metazoa	1599	False
P34706	Caenorhabditis elegans	Metazoa	2150	False
P10964	Saccharomyces cerevisiae (strain ATCC 204508 / S288c)	Fungi	1664	False
B8B0E2	Oryza sativa subsp. indica	Viridiplantae	1246	False
Q05131	Saccharomyces cerevisiae (strain ATCC 204508 / S288c)	Fungi	434	True
Q6ZRQ5	Homo sapiens	Metazoa	1243	False
Q93WL3	Arabidopsis thaliana	Viridiplantae	238	False
Q7XA66	Arabidopsis thaliana	Viridiplantae	242	False
Q0VAA5	Homo sapiens	Metazoa	305	False
P97717	Mus musculus	Metazoa	514	True
Q9S720	Arabidopsis thaliana	Viridiplantae	247	False
Q80U72	Mus musculus	Metazoa	1612	False
Q12063	Saccharomyces cerevisiae (strain ATCC 204508 / S288c)	Fungi	375	False
P46995	Saccharomyces cerevisiae (strain ATCC 204508 / S288c)	Fungi	733	False
Q9NYX4	Homo sapiens	Metazoa	217	True
P54845	Homo sapiens	Metazoa	237	False
P03920	Bos taurus	Metazoa	606	True
Q8N3V7	Homo sapiens	Metazoa	929	False
Q8NHU3	Homo sapiens	Metazoa	365	True
Q7X7A4	Oryza sativa subsp. japonica	Viridiplantae	475	False
Q12167	Saccharomyces cerevisiae (strain ATCC 204508 / S288c)	Fungi	365	False
Q6LA54	Schizosaccharomyces pombe (strain 972 / ATCC 24843)	Fungi	933	False
E5RQA1	Oryza sativa subsp. japonica	Viridiplantae	257	False
Q55GJ6	Dictyostelium discoideum	Other	214	False
Q8VZS0	Arabidopsis thaliana	Viridiplantae	321	True
B1AXD8	Mus musculus	Metazoa	201	False
Q9P6Q0	Schizosaccharomyces pombe (strain 972 / ATCC 24843)	Fungi	112	False
Q9LTR2	Arabidopsis thaliana	Viridiplantae	381	False
Q39249	Arabidopsis thaliana	Viridiplantae	462	False
Q6EMB2	Homo sapiens	Metazoa	1281	False
Q96N77	Homo sapiens	Metazoa	438	False
Q8CD10	Mus musculus	Metazoa	432	False
Q6ZPK0	Mus musculus	Metazoa	688	False
Q22355	Caenorhabditis elegans	Metazoa	377	False
O95707	Homo sapiens	Metazoa	220	False
P46946	Saccharomyces cerevisiae (strain ATCC 204508 / S288c)	Fungi	345	False
Q9FJJ3	Arabidopsis thaliana	Viridiplantae	309	False
P56182	Homo sapiens	Metazoa	461	False
Q1K5G1	Neurospora crassa (strain ATCC 24698 / 74-OR23-1A / CBS 708.71 / DSM 1257 / FGSC 987)	Fungi	320	False
Q68CJ6	Homo sapiens	Metazoa	796	False
Q9FGN7	Arabidopsis thaliana	Viridiplantae	726	False
O94993	Homo sapiens	Metazoa	753	False
Q96MT3	Homo sapiens	Metazoa	831	False
O95838	Homo sapiens	Metazoa	553	False
P25043	Saccharomyces cerevisiae (strain ATCC 204508 / S288c)	Fungi	261	False
P04817	Saccharomyces cerevisiae (strain ATCC 204508 / S288c)	Fungi	590	False
Q0DUR2	Oryza sativa subsp. japonica	Viridiplantae	92	False
Q8WXD0	Homo sapiens	Metazoa	754	False
Q9VYX1	Drosophila melanogaster	Metazoa	101	False
Q9VR38	Drosophila melanogaster	Metazoa	528	False
D3U717	Petunia hybrida	Viridiplantae	434	False
Q9UUM2	Schizosaccharomyces pombe (strain 972 / ATCC 24843)	Fungi	971	False
Q11184	Caenorhabditis elegans	Metazoa	425	False
Q9EPA7	Mus musculus	Metazoa	285	False
Q8WUU5	Homo sapiens	Metazoa	269	False
P92973	Arabidopsis thaliana	Viridiplantae	608	False
Q9H1P3	Homo sapiens	Metazoa	480	False
P36093	Saccharomyces cerevisiae (strain ATCC 204508 / S288c)	Fungi	366	False
P35735	Saccharomyces cerevisiae (strain ATCC 204508 / S288c)	Fungi	353	True
P07978	Mus musculus	Metazoa	107	False
P37090	Rattus norvegicus	Metazoa	638	True
Q8N163	Homo sapiens	Metazoa	923	False
Q86BP6	Drosophila melanogaster	Metazoa	1162	False
P09118	Rattus norvegicus	Metazoa	303	False
Q21952	Caenorhabditis elegans	Metazoa	490	False
Q18425	Caenorhabditis elegans	Metazoa	473	False
G5EDW7	Caenorhabditis elegans	Metazoa	386	False
O77932	Homo sapiens	Metazoa	396	False
O95210	Homo sapiens	Metazoa	358	True
Q08282	Saccharomyces cerevisiae (strain ATCC 204508 / S288c)	Fungi	695	False
P33417	Saccharomyces cerevisiae (strain ATCC 204508 / S288c)	Fungi	597	False
Q9ZU51	Arabidopsis thaliana	Viridiplantae	147	False
Q7XYY2	Arabidopsis thaliana	Viridiplantae	836	False
O74489	Schizosaccharomyces pombe (strain 972 / ATCC 24843)	Fungi	329	False
P40465	Saccharomyces cerevisiae (strain ATCC 204508 / S288c)	Fungi	213	False
Q9Y314	Homo sapiens	Metazoa	301	False
Q9Y3C1	Homo sapiens	Metazoa	178	False
P55263	Homo sapiens	Metazoa	362	False
Q6UWF3	Homo sapiens	Metazoa	145	True
P19735	Saccharomyces cerevisiae (strain ATCC 204508 / S288c)	Fungi	899	False
Q96EL1	Homo sapiens	Metazoa	287	False
Q9SZI2	Arabidopsis thaliana	Viridiplantae	372	False
Q5U458	Mus musculus	Metazoa	559	False
P05030	Saccharomyces cerevisiae (strain ATCC 204508 / S288c)	Fungi	918	False
P04117	Mus musculus	Metazoa	132	False
Q9FNQ0	Arabidopsis thaliana	Viridiplantae	625	False
O76075	Homo sapiens	Metazoa	338	False
Q8IXM6	Homo sapiens	Metazoa	262	True
K7WDL7	Catharanthus roseus	Viridiplantae	388	False
P17789	Drosophila melanogaster	Metazoa	643	False
Q8GZR2	Euglena gracilis	Other	496	False
Q9S814	Arabidopsis thaliana	Viridiplantae	1294	True
Q680Q4	Arabidopsis thaliana	Viridiplantae	884	False
Q9NY87	Homo sapiens	Metazoa	97	False
Q12188	Saccharomyces cerevisiae (strain ATCC 204508 / S288c)	Fungi	680	False
Q22323	Caenorhabditis elegans	Metazoa	283	False
O74761	Schizosaccharomyces pombe (strain 972 / ATCC 24843)	Fungi	459	False
P21957	Saccharomyces cerevisiae (strain ATCC 204508 / S288c)	Fungi	404	False
Q94BU8	Arabidopsis thaliana	Viridiplantae	185	False
Q9SFU0	Arabidopsis thaliana	Viridiplantae	1038	False
Q9CRA5	Mus musculus	Metazoa	298	False
O36030	Schizosaccharomyces pombe (strain 972 / ATCC 24843)	Fungi	391	False
Q9Z2N6	Rattus norvegicus	Metazoa	79	False
Q7SIB8	Dryopteris crassirhizoma	Viridiplantae	102	False
Q8RXD3	Arabidopsis thaliana	Viridiplantae	310	False
P0DH90	Arabidopsis thaliana	Viridiplantae	609	False
Q9ESM6	Mus musculus	Metazoa	539	True
Q84LK0	Arabidopsis thaliana	Viridiplantae	1118	False
O49203	Arabidopsis thaliana	Viridiplantae	238	False
Q70EL2	Homo sapiens	Metazoa	814	False
Q9FG00	Arabidopsis thaliana	Viridiplantae	491	True
Q5ANE3	Candida albicans (strain SC5314 / ATCC MYA-2876)	Fungi	170	True
O13684	Schizosaccharomyces pombe (strain 972 / ATCC 24843)	Fungi	261	False
Q9SX99	Arabidopsis thaliana	Viridiplantae	261	False
Q9Y237	Homo sapiens	Metazoa	131	False
Q6PFX2	Mus musculus	Metazoa	281	False
Q6P2H3	Homo sapiens	Metazoa	762	False
P32773	Saccharomyces cerevisiae (strain ATCC 204508 / S288c)	Fungi	286	False
D3ZUI5	Rattus norvegicus	Metazoa	1133	False
Q9FR37	Arabidopsis thaliana	Viridiplantae	425	False
Q9XZS8	Drosophila melanogaster	Metazoa	613	False
Q9NS73	Homo sapiens	Metazoa	344	False
Q06236	Saccharomyces cerevisiae (strain ATCC 204508 / S288c)	Fungi	168	True
Q84Q77	Oryza sativa subsp. japonica	Viridiplantae	161	False
Q6P4A7	Homo sapiens	Metazoa	337	False
Q10168	Schizosaccharomyces pombe (strain 972 / ATCC 24843)	Fungi	598	False
Q811D2	Mus musculus	Metazoa	1581	False
Q8IPX7	Drosophila melanogaster	Metazoa	232	False
Q3ZBF3	Bos taurus	Metazoa	380	False
P06785	Saccharomyces cerevisiae (strain ATCC 204508 / S288c)	Fungi	304	False
P32336	Saccharomyces cerevisiae (strain ATCC 204508 / S288c)	Fungi	851	False
P10749	Mus musculus	Metazoa	269	False
P36160	Saccharomyces cerevisiae (strain ATCC 204508 / S288c)	Fungi	344	False
P38242	Saccharomyces cerevisiae (strain ATCC 204508 / S288c)	Fungi	237	True
P53083	Saccharomyces cerevisiae (strain ATCC 204508 / S288c)	Fungi	459	False
Q03702	Saccharomyces cerevisiae (strain ATCC 204508 / S288c)	Fungi	353	False
P56329	Schizosaccharomyces pombe (strain 972 / ATCC 24843)	Fungi	321	False
P47096	Saccharomyces cerevisiae (strain ATCC 204508 / S288c)	Fungi	177	False
Q8IVP5	Homo sapiens	Metazoa	155	True
Q12476	Saccharomyces cerevisiae (strain ATCC 204508 / S288c)	Fungi	344	False
Q9C0C2	Homo sapiens	Metazoa	1729	False
P40368	Saccharomyces cerevisiae (strain ATCC 204508 / S288c)	Fungi	713	False
Q9BRS8	Homo sapiens	Metazoa	491	False
P53246	Saccharomyces cerevisiae (strain ATCC 204508 / S288c)	Fungi	860	False
Q9HDZ3	Schizosaccharomyces pombe (strain 972 / ATCC 24843)	Fungi	182	False
Q91WC0	Mus musculus	Metazoa	594	False
O13725	Schizosaccharomyces pombe (strain 972 / ATCC 24843)	Fungi	242	False
Q6PJT7	Homo sapiens	Metazoa	736	False
P38830	Saccharomyces cerevisiae (strain ATCC 204508 / S288c)	Fungi	627	False
P38264	Saccharomyces cerevisiae (strain ATCC 204508 / S288c)	Fungi	188	True
P53102	Saccharomyces cerevisiae (strain ATCC 204508 / S288c)	Fungi	219	False
O94261	Schizosaccharomyces pombe (strain 972 / ATCC 24843)	Fungi	220	False
Q8NBQ7	Homo sapiens	Metazoa	271	True
Q01964	Komagataella pastoris	Fungi	461	True
Q9VPY0	Drosophila melanogaster	Metazoa	587	False
Q8C8N2	Mus musculus	Metazoa	606	False
Q96P70	Homo sapiens	Metazoa	1041	False
Q06184	Euplotes crassus	Other	446	False
Q9C7C4	Arabidopsis thaliana	Viridiplantae	327	False
O43913	Homo sapiens	Metazoa	435	False
A8DYY6	Drosophila melanogaster	Metazoa	616	False
Q03429	Saccharomyces cerevisiae (strain ATCC 204508 / S288c)	Fungi	123	False
Q9LU68	Arabidopsis thaliana	Viridiplantae	435	False
Q9NUL5	Homo sapiens	Metazoa	291	False
Q12433	Saccharomyces cerevisiae (strain ATCC 204508 / S288c)	Fungi	566	False
O60127	Schizosaccharomyces pombe (strain 972 / ATCC 24843)	Fungi	126	False
Q94F00	Arabidopsis thaliana	Viridiplantae	371	False
Q9P6I9	Schizosaccharomyces pombe (strain 972 / ATCC 24843)	Fungi	618	False
O96007	Homo sapiens	Metazoa	188	False
Q9Z158	Rattus norvegicus	Metazoa	301	False
Q17990	Caenorhabditis elegans	Metazoa	439	True
P53067	Saccharomyces cerevisiae (strain ATCC 204508 / S288c)	Fungi	1004	False
O43542	Homo sapiens	Metazoa	346	False
Q8C5Y2	Mus musculus	Metazoa	53	True
P38197	Saccharomyces cerevisiae (strain ATCC 204508 / S288c)	Fungi	257	False
P18412	Saccharomyces cerevisiae (strain ATCC 204508 / S288c)	Fungi	486	False
A2A288	Homo sapiens	Metazoa	527	False
Q9R226	Mus musculus	Metazoa	346	False
Q05776	Saccharomyces cerevisiae (strain ATCC 204508 / S288c)	Fungi	175	False
Q96G30	Homo sapiens	Metazoa	205	True
Q9LDY5	Arabidopsis thaliana	Viridiplantae	247	False
Q8INR6	Drosophila melanogaster	Metazoa	1848	False
Q9H5P4	Homo sapiens	Metazoa	1033	False
Q00471	Chlamydomonas reinhardtii	Viridiplantae	215	True
P35203	Saccharomyces cerevisiae (strain ATCC 204508 / S288c)	Fungi	478	False
O88379	Mus musculus	Metazoa	1555	False
Q01613	Xenopus laevis	Metazoa	1420	False
Q8W4D0	Arabidopsis thaliana	Viridiplantae	631	False
Q12333	Saccharomyces cerevisiae (strain ATCC 204508 / S288c)	Fungi	620	True
O80775	Arabidopsis thaliana	Viridiplantae	353	False
Q9UH92	Homo sapiens	Metazoa	298	False
Q9H0A8	Homo sapiens	Metazoa	199	False
Q5U623	Homo sapiens	Metazoa	682	False
Q6PCM1	Mus musculus	Metazoa	1323	False
Q7Z410	Homo sapiens	Metazoa	1059	True
Q9UHX1	Homo sapiens	Metazoa	559	False
Q9VL76	Drosophila melanogaster	Metazoa	613	False
Q23272	Caenorhabditis elegans	Metazoa	488	False
Q4KL25	Mus musculus	Metazoa	219	True
Q09793	Schizosaccharomyces pombe (strain 972 / ATCC 24843)	Fungi	425	False
O74991	Schizosaccharomyces pombe (strain 972 / ATCC 24843)	Fungi	577	False
Q17895	Caenorhabditis elegans	Metazoa	249	False
P36151	Saccharomyces cerevisiae (strain ATCC 204508 / S288c)	Fungi	352	False
Q9H299	Homo sapiens	Metazoa	93	False
Q06406	Saccharomyces cerevisiae (strain ATCC 204508 / S288c)	Fungi	86	False
A0A0U2X0E4	Ustilago maydis	Fungi	443	False
P0C1Z6	Homo sapiens	Metazoa	253	False
Q95749	Arabidopsis thaliana	Viridiplantae	556	False
Q9LIB2	Arabidopsis thaliana	Viridiplantae	962	False
Q02890	Saccharomyces cerevisiae (strain ATCC 204508 / S288c)	Fungi	363	False
Q96UP3	Schizosaccharomyces pombe (strain 972 / ATCC 24843)	Fungi	1400	False
Q12220	Saccharomyces cerevisiae (strain ATCC 204508 / S288c)	Fungi	943	False
Q8VZD4	Arabidopsis thaliana	Viridiplantae	709	False
Q08457	Saccharomyces cerevisiae (strain ATCC 204508 / S288c)	Fungi	257	False
Q9UGI0	Homo sapiens	Metazoa	708	False
O13838	Schizosaccharomyces pombe (strain 972 / ATCC 24843)	Fungi	371	False
Q9VL14	Drosophila melanogaster	Metazoa	118	False
O14929	Homo sapiens	Metazoa	419	False
Q9NSG2	Homo sapiens	Metazoa	853	False
F4IDB2	Arabidopsis thaliana	Viridiplantae	1325	False
O74880	Schizosaccharomyces pombe (strain 972 / ATCC 24843)	Fungi	360	False
Q501D2	Arabidopsis thaliana	Viridiplantae	572	False
P92276	Chlamydomonas reinhardtii	Viridiplantae	62	True
P38111	Saccharomyces cerevisiae (strain ATCC 204508 / S288c)	Fungi	2368	False
Q2VWA4	Homo sapiens	Metazoa	1015	False
Q8W4B1	Arabidopsis thaliana	Viridiplantae	652	False
Q8VC49	Mus musculus	Metazoa	283	False
Q9URQ5	Saccharomyces cerevisiae (strain ATCC 204508 / S288c)	Fungi	78	False
Q11107	Caenorhabditis elegans	Metazoa	2248	False
P13638	Rattus norvegicus	Metazoa	290	True
Q9FZ89	Arabidopsis thaliana	Viridiplantae	123	False
P0CU09	Schizosaccharomyces pombe (strain 972 / ATCC 24843)	Fungi	235	False
Q0VD83	Homo sapiens	Metazoa	1097	False
Q68G58	Mus musculus	Metazoa	516	False
P25582	Saccharomyces cerevisiae (strain ATCC 204508 / S288c)	Fungi	841	False
Q0VG06	Homo sapiens	Metazoa	881	False
Q96JN0	Homo sapiens	Metazoa	433	False
P70500	Rattus norvegicus	Metazoa	213	True
P47108	Saccharomyces cerevisiae (strain ATCC 204508 / S288c)	Fungi	1174	False
Q9ZST9	Pisum sativum	Viridiplantae	252	False
Q8GRN0	Arabidopsis thaliana	Viridiplantae	222	False
Q9NJP9	Trypanosoma brucei brucei	Other	512	False
Q6UB98	Homo sapiens	Metazoa	2062	False
Q9NVV9	Homo sapiens	Metazoa	213	False
Q9CAF2	Arabidopsis thaliana	Viridiplantae	216	False
O95104	Homo sapiens	Metazoa	1147	False
Q16775	Homo sapiens	Metazoa	308	False
P82249	Spinacia oleracea	Viridiplantae	130	False
P51557	Mus musculus	Metazoa	284	False
O74778	Schizosaccharomyces pombe (strain 972 / ATCC 24843)	Fungi	284	False
Q945M1	Arabidopsis thaliana	Viridiplantae	117	False
Q8TEH3	Homo sapiens	Metazoa	1009	False
Q14241	Homo sapiens	Metazoa	772	False
O60566	Homo sapiens	Metazoa	1050	False
P47130	Saccharomyces cerevisiae (strain ATCC 204508 / S288c)	Fungi	423	False
Q96HS1	Homo sapiens	Metazoa	289	True
Q9EQJ4	Rattus norvegicus	Metazoa	579	False
P26269	Ascaris suum	Metazoa	361	False
Q8VY74	Arabidopsis thaliana	Viridiplantae	333	False
Q45VK7	Mus musculus	Metazoa	4306	False
Q9LSB9	Arabidopsis thaliana	Viridiplantae	755	False
Q9CQE1	Mus musculus	Metazoa	247	False
Q8L7F7	Arabidopsis thaliana	Viridiplantae	739	False
Q7RYW7	Neurospora crassa (strain ATCC 24698 / 74-OR23-1A / CBS 708.71 / DSM 1257 / FGSC 987)	Fungi	396	False
Q9P000	Homo sapiens	Metazoa	198	False
